using Cosmos.System.Graphics;

namespace filesys.GUI
{
    // Icônes générées depuis tes PNG.
    // Taille finale : 32x32 px, fond transparent.
    // IMPORTANT : dessine avec canvas.DrawImageAlpha(...), pas DrawImage(...).
    public static class StartMenuIcons
    {
        public static Bitmap TaskManager;
        public static Bitmap Theme;
        public static Bitmap Settings;
        public static Bitmap Explorer;
        public static Bitmap Console;

        // Alias si ton ancien code utilise ces noms.
        public static Bitmap Tasks;
        public static Bitmap Files;
        public static Bitmap Screen;

        private static bool initialized = false;

        public static void Init()
        {
            if (initialized)
                return;

            TaskManager = new Bitmap(TaskManagerBmp);
            Theme = new Bitmap(ThemeBmp);
            Settings = new Bitmap(SettingsBmp);
            Explorer = new Bitmap(ExplorerBmp);
            Console = new Bitmap(ConsoleBmp);

            Tasks = TaskManager;
            Files = Explorer;
            Screen = Settings;

            initialized = true;
        }


        private static readonly byte[] TaskManagerBmp =
        {
            0x42, 0x4D, 0x36, 0x10, 0x00, 0x00, 0x00, 0x00, 0x00, 0x00, 0x36, 0x00, 0x00, 0x00, 0x28, 0x00,
            0x00, 0x00, 0x20, 0x00, 0x00, 0x00, 0x20, 0x00, 0x00, 0x00, 0x01, 0x00, 0x20, 0x00, 0x00, 0x00,
            0x00, 0x00, 0x00, 0x10, 0x00, 0x00, 0x00, 0x00, 0x00, 0x00, 0x00, 0x00, 0x00, 0x00, 0x00, 0x00,
            0x00, 0x00, 0x00, 0x00, 0x00, 0x00, 0x00, 0x00, 0x00, 0x00, 0x00, 0x00, 0x00, 0x00, 0x00, 0x00,
            0x00, 0x00, 0x00, 0x00, 0x00, 0x00, 0x00, 0x00, 0x00, 0x00, 0x00, 0x00, 0x00, 0x00, 0x00, 0x00,
            0x00, 0x00, 0x00, 0x00, 0x00, 0x00, 0x00, 0x00, 0x00, 0x00, 0x00, 0x00, 0x00, 0x00, 0x00, 0x00,
            0x00, 0x00, 0x00, 0x00, 0x00, 0x00, 0x00, 0x00, 0x00, 0x00, 0x00, 0x00, 0x00, 0x00, 0x00, 0x00,
            0x00, 0x00, 0x00, 0x00, 0x00, 0x00, 0x00, 0x00, 0x00, 0x00, 0x00, 0x00, 0x00, 0x00, 0x00, 0x00,
            0x00, 0x00, 0x00, 0x00, 0x00, 0x00, 0x00, 0x00, 0x00, 0x00, 0x00, 0x00, 0x00, 0x00, 0x00, 0x00,
            0x00, 0x00, 0xFF, 0xBF, 0xFF, 0x04, 0xFF, 0xAA, 0xE9, 0x0C, 0xFF, 0x8B, 0xD0, 0x0B, 0xFF, 0xA3,
            0xDA, 0x0E, 0xFF, 0x91, 0xC8, 0x0E, 0xFF, 0x99, 0xCC, 0x0A, 0xFF, 0x9C, 0xD7, 0x0D, 0x00, 0x00,
            0x00, 0x00, 0x00, 0x00, 0x00, 0x00, 0x00, 0x00, 0x00, 0x00, 0x00, 0x00, 0x00, 0x00, 0x00, 0x00,
            0x00, 0x00, 0x00, 0x00, 0x00, 0x00, 0x00, 0x00, 0x00, 0x00, 0x00, 0x00, 0x00, 0x00, 0x00, 0x00,
            0x00, 0x00, 0x00, 0x00, 0x00, 0x00, 0x00, 0x00, 0x00, 0x00, 0x00, 0x00, 0x00, 0x00, 0x00, 0x00,
            0x00, 0x00, 0x00, 0x00, 0x00, 0x00, 0x00, 0x00, 0x00, 0x00, 0x00, 0x00, 0x00, 0x00, 0x00, 0x00,
            0x00, 0x00, 0x00, 0x00, 0x00, 0x00, 0x00, 0x00, 0x00, 0x00, 0x00, 0x00, 0x00, 0x00, 0x00, 0x00,
            0x00, 0x00, 0x00, 0x00, 0x00, 0x00, 0xFF, 0x00, 0xFF, 0x01, 0x00, 0x00, 0x00, 0x00, 0xFF, 0x8C,
            0xCC, 0x14, 0xFC, 0x97, 0xCC, 0xCA, 0xFF, 0x9C, 0xD2, 0xF9, 0xFC, 0x99, 0xCD, 0xFB, 0xFC, 0x99,
            0xCE, 0xEB, 0xFC, 0x98, 0xCD, 0xED, 0xFC, 0x98, 0xCE, 0xFC, 0xFF, 0x9F, 0xD6, 0xF5, 0xFD, 0x98,
            0xCD, 0xA9, 0xFF, 0x99, 0xCC, 0x05, 0x00, 0x00, 0x00, 0x00, 0x00, 0x00, 0x00, 0x00, 0x00, 0x00,
            0x00, 0x00, 0x00, 0x00, 0x00, 0x00, 0x00, 0x00, 0x00, 0x00, 0x00, 0x00, 0x00, 0x00, 0x00, 0x00,
            0x00, 0x00, 0x00, 0x00, 0x00, 0x00, 0x00, 0x00, 0x00, 0x00, 0x00, 0x00, 0x00, 0x00, 0x00, 0x00,
            0x00, 0x00, 0x00, 0x00, 0x00, 0x00, 0x00, 0x00, 0x00, 0x00, 0x00, 0x00, 0x00, 0x00, 0x00, 0x00,
            0x00, 0x00, 0x00, 0x00, 0x00, 0x00, 0x00, 0x00, 0x00, 0x00, 0x00, 0x00, 0x00, 0x00, 0x00, 0x00,
            0x00, 0x00, 0xFF, 0x7F, 0xFF, 0x02, 0xFF, 0x99, 0xCC, 0x05, 0xFF, 0x7F, 0x7F, 0x02, 0xFA, 0x94,
            0xCC, 0x37, 0xFF, 0xA2, 0xDB, 0xFF, 0xFD, 0x99, 0xCE, 0xC3, 0xFD, 0x99, 0xCD, 0xB0, 0xFF, 0xA5,
            0xDF, 0xFF, 0xFF, 0x9F, 0xD6, 0xFF, 0xFB, 0x98, 0xCD, 0xA4, 0xFF, 0x9B, 0xD1, 0xD9, 0xFC, 0x99,
            0xCE, 0xFE, 0xFF, 0x9C, 0xD7, 0x0D, 0x00, 0x00, 0x00, 0x00, 0x00, 0x00, 0x00, 0x00, 0x00, 0x00,
            0x00, 0x00, 0x00, 0x00, 0x00, 0x00, 0x00, 0x00, 0x00, 0x00, 0x00, 0x00, 0x00, 0x00, 0x00, 0x00,
            0x00, 0x00, 0x00, 0x00, 0x00, 0x00, 0x00, 0x00, 0x00, 0x00, 0x00, 0x00, 0x00, 0x00, 0x00, 0x00,
            0x00, 0x00, 0x00, 0x00, 0x00, 0x00, 0x00, 0x00, 0x00, 0x00, 0x00, 0x00, 0x00, 0x00, 0x00, 0x00,
            0x00, 0x00, 0x00, 0x00, 0x00, 0x00, 0x00, 0x00, 0x00, 0x00, 0x00, 0x00, 0x00, 0x00, 0x00, 0x00,
            0x00, 0x00, 0x00, 0x00, 0x00, 0x00, 0x00, 0x00, 0x00, 0x00, 0x00, 0x00, 0x00, 0x00, 0xFF, 0x99,
            0xD1, 0x32, 0xFF, 0xA1, 0xD9, 0xFE, 0xFC, 0x97, 0xCB, 0x71, 0x00, 0x00, 0x00, 0x00, 0xFD, 0x9A,
            0xD0, 0x9E, 0xFF, 0x9A, 0xCF, 0x7C, 0x00, 0x00, 0x00, 0x00, 0xFD, 0x97, 0xCC, 0xA2, 0xFD, 0x99,
            0xCE, 0xFC, 0xFF, 0x8B, 0xB9, 0x0B, 0x00, 0x00, 0x00, 0x00, 0x00, 0x00, 0x00, 0x00, 0x00, 0x00,
            0x00, 0x00, 0x00, 0x00, 0x00, 0x00, 0x00, 0x00, 0x00, 0x00, 0x00, 0x00, 0x00, 0x00, 0x00, 0x00,
            0x00, 0x00, 0x00, 0x00, 0x00, 0x00, 0x00, 0x00, 0x00, 0x00, 0x00, 0x00, 0x00, 0x00, 0x00, 0x00,
            0x00, 0x00, 0x00, 0x00, 0x00, 0x00, 0x00, 0x00, 0x00, 0x00, 0x00, 0x00, 0x00, 0x00, 0x00, 0x00,
            0x00, 0x00, 0x00, 0x00, 0x00, 0x00, 0x00, 0x00, 0x00, 0x00, 0x00, 0x00, 0x00, 0x00, 0x00, 0x00,
            0x00, 0x00, 0xFA, 0x9A, 0xCC, 0x3D, 0xFC, 0x97, 0xCE, 0x59, 0xFF, 0x97, 0xCF, 0x36, 0xFF, 0x9C,
            0xD2, 0x34, 0xFD, 0x99, 0xCF, 0xFC, 0xFD, 0x9E, 0xD5, 0xF5, 0xFC, 0x99, 0xCC, 0x5A, 0x00, 0x00,
            0x00, 0x00, 0x00, 0x00, 0x00, 0x00, 0xFC, 0x99, 0xCE, 0x7D, 0xFF, 0x9F, 0xD7, 0xFF, 0xFC, 0x98,
            0xCD, 0xED, 0xFF, 0xA3, 0xDA, 0x0E, 0x00, 0x00, 0x00, 0x00, 0x00, 0x00, 0x00, 0x00, 0x00, 0x00,
            0x00, 0x00, 0x00, 0x00, 0x00, 0x00, 0x00, 0x00, 0x00, 0x00, 0x00, 0x00, 0x00, 0x00, 0x00, 0x00,
            0x00, 0x00, 0x00, 0x00, 0x00, 0x00, 0x00, 0x00, 0x00, 0x00, 0x00, 0x00, 0x00, 0x00, 0x00, 0x00,
            0x00, 0x00, 0x00, 0x00, 0x00, 0x00, 0x00, 0x00, 0x00, 0x00, 0x00, 0x00, 0x00, 0x00, 0x00, 0x00,
            0x00, 0x00, 0x00, 0x00, 0x00, 0x00, 0xFF, 0xAA, 0xAA, 0x03, 0x00, 0x00, 0x00, 0x00, 0xFC, 0x98,
            0xCD, 0x5C, 0xFD, 0x99, 0xCD, 0x96, 0xFC, 0x98, 0xCF, 0x70, 0xFB, 0x98, 0xCD, 0x4D, 0xFF, 0x99,
            0xCE, 0x35, 0xFC, 0x98, 0xCD, 0xFC, 0xFF, 0xA2, 0xDA, 0xFF, 0xFC, 0x98, 0xCD, 0x77, 0x00, 0x00,
            0x00, 0x00, 0x00, 0x00, 0x00, 0x00, 0xFD, 0x99, 0xCC, 0x9E, 0xFF, 0xA5, 0xDE, 0xFF, 0xFC, 0x97,
            0xCD, 0xEB, 0xFF, 0xA3, 0xDA, 0x0E, 0x00, 0x00, 0x00, 0x00, 0x00, 0x00, 0x00, 0x00, 0x00, 0x00,
            0x00, 0x00, 0x00, 0x00, 0x00, 0x00, 0x00, 0x00, 0x00, 0x00, 0x00, 0x00, 0x00, 0x00, 0x00, 0x00,
            0x00, 0x00, 0xFF, 0x00, 0x00, 0x01, 0x00, 0x00, 0x00, 0x00, 0x00, 0x00, 0x00, 0x00, 0x00, 0x00,
            0x00, 0x00, 0x00, 0x00, 0x00, 0x00, 0x00, 0x00, 0x00, 0x00, 0x00, 0x00, 0x00, 0x00, 0x00, 0x00,
            0x00, 0x00, 0x00, 0x00, 0x00, 0x00, 0xFF, 0xAA, 0xFF, 0x03, 0x00, 0x00, 0x00, 0x00, 0xFD, 0x99,
            0xCF, 0x85, 0xFF, 0x9A, 0xC9, 0x2B, 0x00, 0x00, 0x00, 0x00, 0x00, 0x00, 0x00, 0x00, 0xFF, 0x99,
            0xCC, 0x32, 0xFF, 0xA1, 0xD8, 0xFE, 0xFB, 0x95, 0xCA, 0x83, 0x00, 0x00, 0x00, 0x00, 0xFA, 0x9A,
            0xCD, 0x77, 0xFF, 0x99, 0xCD, 0x58, 0x00, 0x00, 0x00, 0x00, 0xFC, 0x99, 0xCD, 0xB0, 0xFC, 0x9A,
            0xCE, 0xFA, 0xFF, 0x8B, 0xD0, 0x0B, 0x00, 0x00, 0x00, 0x00, 0x00, 0x00, 0x00, 0x00, 0x00, 0x00,
            0x00, 0x00, 0x00, 0x00, 0x00, 0x00, 0x00, 0x00, 0x00, 0x00, 0x00, 0x00, 0x00, 0x00, 0xFF, 0xFF,
            0xFF, 0x01, 0x00, 0x00, 0x00, 0x00, 0xFF, 0xFF, 0xFF, 0x01, 0xFF, 0xFF, 0xFF, 0x01, 0x00, 0x00,
            0x00, 0x00, 0x00, 0x00, 0x00, 0x00, 0x00, 0x00, 0x00, 0x00, 0x00, 0x00, 0x00, 0x00, 0x00, 0x00,
            0x00, 0x00, 0x00, 0x00, 0x00, 0x00, 0xFF, 0xAA, 0xFF, 0x03, 0x00, 0x00, 0x00, 0x00, 0xFC, 0x98,
            0xCE, 0x7F, 0xFF, 0x96, 0xCC, 0x38, 0xFF, 0x7F, 0xBF, 0x04, 0xFF, 0x7F, 0xFF, 0x02, 0xFF, 0x9B,
            0xCF, 0x36, 0xFF, 0xA1, 0xD9, 0xFF, 0xFB, 0x98, 0xCD, 0xA4, 0xFB, 0x98, 0xCC, 0x84, 0xFF, 0xA3,
            0xDA, 0xFF, 0xFD, 0x99, 0xCE, 0xFD, 0xFF, 0x99, 0xCE, 0x74, 0xFD, 0x99, 0xCE, 0xC3, 0xFC, 0x98,
            0xCD, 0xFE, 0xFF, 0x89, 0xC4, 0x0D, 0x00, 0x00, 0x00, 0x00, 0x00, 0x00, 0x00, 0x00, 0x00, 0x00,
            0x00, 0x00, 0xFF, 0xAA, 0xAA, 0x03, 0xFF, 0xAA, 0xAA, 0x03, 0x00, 0x00, 0x00, 0x00, 0x00, 0x00,
            0x00, 0x00, 0x00, 0x00, 0x00, 0x00, 0x00, 0x00, 0x00, 0x00, 0x00, 0x00, 0x00, 0x00, 0x00, 0x00,
            0x00, 0x00, 0xFF, 0xAA, 0xFF, 0x03, 0xFF, 0xFF, 0xFF, 0x01, 0x00, 0x00, 0x00, 0x00, 0x00, 0x00,
            0x00, 0x00, 0x00, 0x00, 0x00, 0x00, 0xFF, 0xAA, 0xFF, 0x03, 0x00, 0x00, 0x00, 0x00, 0xFD, 0x99,
            0xCF, 0x80, 0xFF, 0x97, 0xCB, 0x36, 0x00, 0x00, 0x00, 0x00, 0x00, 0x00, 0x00, 0x00, 0xF6, 0x99,
            0xCC, 0x1E, 0xFD, 0x98, 0xCD, 0xE7, 0xFF, 0xA1, 0xD8, 0xFF, 0xFF, 0xA0, 0xD7, 0xFF, 0xFC, 0x99,
            0xCE, 0xFB, 0xFD, 0x99, 0xCE, 0xFD, 0xFF, 0x9F, 0xD7, 0xFF, 0xFF, 0xA2, 0xDB, 0xFF, 0xFD, 0x99,
            0xCE, 0xC8, 0xFF, 0xAA, 0xD4, 0x06, 0x00, 0x00, 0x00, 0x00, 0x00, 0x00, 0x00, 0x00, 0xFF, 0xFF,
            0xFF, 0x01, 0x00, 0x00, 0x00, 0x00, 0x00, 0x00, 0x00, 0x00, 0xFF, 0xAA, 0xAA, 0x03, 0xFB, 0x95,
            0xCC, 0x50, 0xFF, 0xA1, 0xD8, 0xBF, 0xFC, 0x98, 0xCD, 0xAB, 0xF5, 0x93, 0xCD, 0x1A, 0xFF, 0xFF,
            0xFF, 0x01, 0x00, 0x00, 0x00, 0x00, 0x00, 0x00, 0x00, 0x00, 0xFF, 0x00, 0xFF, 0x01, 0x00, 0x00,
            0x00, 0x00, 0x00, 0x00, 0x00, 0x00, 0xFF, 0xAA, 0xFF, 0x03, 0x00, 0x00, 0x00, 0x00, 0xFD, 0x99,
            0xCF, 0x80, 0xFF, 0x97, 0xCB, 0x36, 0x00, 0x00, 0x00, 0x00, 0xFF, 0x7F, 0x7F, 0x02, 0x00, 0x00,
            0x00, 0x00, 0xFF, 0x9E, 0xD3, 0x1D, 0xFA, 0x9B, 0xCF, 0x36, 0xF9, 0x99, 0xCC, 0x32, 0xFA, 0x99,
            0xCE, 0x35, 0xFA, 0x99, 0xCE, 0x35, 0xFF, 0x9C, 0xD0, 0x31, 0xFF, 0x9E, 0xD3, 0x35, 0xFF, 0xA1,
            0xD6, 0x13, 0x00, 0x00, 0x00, 0x00, 0x00, 0x00, 0x00, 0x00, 0xFF, 0x00, 0xFF, 0x01, 0x00, 0x00,
            0x00, 0x00, 0xFB, 0x95, 0xCC, 0x46, 0xFF, 0x99, 0xCD, 0x4E, 0x00, 0x00, 0x00, 0x00, 0xFD, 0x98,
            0xCE, 0xA2, 0xFF, 0xAA, 0xE5, 0xFF, 0xFF, 0xA2, 0xDA, 0xFF, 0xFA, 0x98, 0xCD, 0x3E, 0x00, 0x00,
            0x00, 0x00, 0xFC, 0x9E, 0xD4, 0x5F, 0xFF, 0xA1, 0xD6, 0x13, 0x00, 0x00, 0x00, 0x00, 0xFF, 0xFF,
            0xFF, 0x01, 0x00, 0x00, 0x00, 0x00, 0xFF, 0xAA, 0xFF, 0x03, 0x00, 0x00, 0x00, 0x00, 0xFD, 0x99,
            0xCF, 0x80, 0xFF, 0x97, 0xCB, 0x36, 0x00, 0x00, 0x00, 0x00, 0xFF, 0x7F, 0x7F, 0x02, 0xFF, 0xFF,
            0xFF, 0x01, 0x00, 0x00, 0x00, 0x00, 0x00, 0x00, 0x00, 0x00, 0x00, 0x00, 0x00, 0x00, 0x00, 0x00,
            0x00, 0x00, 0x00, 0x00, 0x00, 0x00, 0x00, 0x00, 0x00, 0x00, 0x00, 0x00, 0x00, 0x00, 0x00, 0x00,
            0x00, 0x00, 0x00, 0x00, 0x00, 0x00, 0xFF, 0x55, 0xAA, 0x03, 0x00, 0x00, 0x00, 0x00, 0xFB, 0x98,
            0xCD, 0x52, 0xFD, 0x9D, 0xD4, 0xFC, 0xFE, 0x9A, 0xCF, 0xFF, 0xFD, 0x98, 0xCD, 0x9A, 0xFD, 0x99,
            0xCE, 0xE0, 0xFF, 0x9D, 0xD2, 0xFF, 0xFE, 0x9D, 0xD4, 0xFF, 0xFC, 0x99, 0xCC, 0xB2, 0xFC, 0x98,
            0xCE, 0xB1, 0xFF, 0xA8, 0xE2, 0xFF, 0xFD, 0x9A, 0xCF, 0xC5, 0xFF, 0x9D, 0xCE, 0x15, 0xFF, 0xFF,
            0xFF, 0x01, 0xFF, 0xFF, 0xFF, 0x01, 0xFF, 0xAA, 0xFF, 0x03, 0x00, 0x00, 0x00, 0x00, 0xFD, 0x99,
            0xCF, 0x80, 0xFF, 0x97, 0xCB, 0x36, 0x00, 0x00, 0x00, 0x00, 0xFF, 0x7F, 0x7F, 0x02, 0x00, 0x00,
            0x00, 0x00, 0xFF, 0x9F, 0xCF, 0x10, 0xFF, 0x9E, 0xD5, 0x25, 0xFF, 0x99, 0xCC, 0x23, 0xFF, 0x9A,
            0xD0, 0x26, 0xFF, 0x9A, 0xD0, 0x26, 0xFF, 0x9D, 0xD2, 0x22, 0xFF, 0x9E, 0xD5, 0x25, 0xFF, 0x8D,
            0xC6, 0x09, 0x00, 0x00, 0x00, 0x00, 0xFF, 0x7F, 0xBF, 0x04, 0xFF, 0xAA, 0xAA, 0x03, 0xFD, 0x9A,
            0xCD, 0x8B, 0xFF, 0xA5, 0xDE, 0xFF, 0xFC, 0x97, 0xCD, 0xFA, 0xFF, 0xA7, 0xE1, 0xFF, 0xFF, 0x9F,
            0xD6, 0xFF, 0xFC, 0x98, 0xCD, 0xED, 0xFC, 0x98, 0xCC, 0xF4, 0xFF, 0xA7, 0xE2, 0xFF, 0xFF, 0xA1,
            0xD9, 0xFF, 0xFD, 0x99, 0xCE, 0xFD, 0xFF, 0x9B, 0xD1, 0xFF, 0xFA, 0x96, 0xCD, 0x33, 0xFF, 0xFF,
            0xFF, 0x01, 0xFF, 0x7F, 0x7F, 0x02, 0xFF, 0xAA, 0xFF, 0x03, 0x00, 0x00, 0x00, 0x00, 0xFD, 0x99,
            0xCF, 0x80, 0xFF, 0x97, 0xCB, 0x36, 0x00, 0x00, 0x00, 0x00, 0x00, 0x00, 0x00, 0x00, 0xF4, 0x8E,
            0xC1, 0x19, 0xFC, 0x97, 0xCD, 0xDC, 0xFF, 0x9F, 0xD6, 0xFF, 0xFF, 0x9E, 0xD4, 0xFF, 0xFC, 0x98,
            0xCD, 0xF6, 0xFC, 0x99, 0xCD, 0xF8, 0xFF, 0x9E, 0xD5, 0xFF, 0xFF, 0xA0, 0xD7, 0xFF, 0xFC, 0x98,
            0xCD, 0xBB, 0xFF, 0xAA, 0xD4, 0x06, 0xFF, 0xFF, 0xFF, 0x01, 0x00, 0x00, 0x00, 0x00, 0x00, 0x00,
            0x00, 0x00, 0xFC, 0x99, 0xCD, 0xCD, 0xFF, 0xA2, 0xDB, 0xFF, 0xFD, 0x9B, 0xD0, 0xD7, 0xFB, 0x9B,
            0xCE, 0x4A, 0xFF, 0xA3, 0xC8, 0x0E, 0xFF, 0x9A, 0xD1, 0x1C, 0xFD, 0x99, 0xCE, 0x83, 0xFD, 0x9A,
            0xCF, 0xFB, 0xFF, 0xA1, 0xD9, 0xFF, 0xFF, 0x9A, 0xCD, 0x72, 0x00, 0x00, 0x00, 0x00, 0x00, 0x00,
            0x00, 0x00, 0xFF, 0x00, 0xFF, 0x01, 0xFF, 0xAA, 0xD4, 0x06, 0xFF, 0xAA, 0xAA, 0x03, 0xFD, 0x9A,
            0xCF, 0x81, 0xFF, 0x96, 0xCC, 0x38, 0xFF, 0xAA, 0xAA, 0x03, 0xFF, 0x7F, 0xFF, 0x02, 0xFA, 0x99,
            0xCC, 0x37, 0xFF, 0xA2, 0xD9, 0xFF, 0xFD, 0x99, 0xCE, 0xB3, 0xFD, 0x99, 0xCE, 0x9A, 0xFF, 0xA4,
            0xDC, 0xFF, 0xFF, 0x9C, 0xD2, 0xFF, 0xFD, 0x99, 0xCD, 0x8C, 0xFC, 0x98, 0xCD, 0xCF, 0xFC, 0x98,
            0xCD, 0xFE, 0xFF, 0x9C, 0xD7, 0x0D, 0x00, 0x00, 0x00, 0x00, 0xFF, 0x99, 0xCE, 0x49, 0xFD, 0x9A,
            0xCF, 0x81, 0xFD, 0x99, 0xCE, 0xE3, 0xFD, 0x9F, 0xD5, 0xF8, 0xFF, 0x96, 0xCD, 0x33, 0x00, 0x00,
            0x00, 0x00, 0x00, 0x00, 0x00, 0x00, 0x00, 0x00, 0x00, 0x00, 0x00, 0x00, 0x00, 0x00, 0xFB, 0x99,
            0xCD, 0x96, 0xFF, 0xA5, 0xDF, 0xFF, 0xFD, 0x98, 0xCE, 0xAC, 0xFF, 0x9B, 0xD0, 0x69, 0xFF, 0x9C,
            0xCD, 0x1F, 0x00, 0x00, 0x00, 0x00, 0x00, 0x00, 0x00, 0x00, 0x00, 0x00, 0x00, 0x00, 0xFC, 0x99,
            0xD0, 0x78, 0xFF, 0x97, 0xC8, 0x2A, 0x00, 0x00, 0x00, 0x00, 0x00, 0x00, 0x00, 0x00, 0xFF, 0x99,
            0xD1, 0x32, 0xFF, 0xA1, 0xD8, 0xFE, 0xFC, 0x96, 0xC9, 0x78, 0x00, 0x00, 0x00, 0x00, 0xFD, 0x9B,
            0xD0, 0x8A, 0xFF, 0x97, 0xCE, 0x6A, 0x00, 0x00, 0x00, 0x00, 0xFB, 0x99, 0xCC, 0xA8, 0xFD, 0x99,
            0xCF, 0xFB, 0xFF, 0x8B, 0xB9, 0x0B, 0xE9, 0x94, 0xBF, 0x0C, 0xFC, 0x98, 0xCE, 0xED, 0xFF, 0xA5,
            0xDE, 0xFF, 0xFF, 0xA1, 0xD9, 0xFF, 0xFD, 0x98, 0xCC, 0xC4, 0x00, 0x00, 0x00, 0x00, 0xFF, 0xAA,
            0xAA, 0x03, 0x7F, 0x00, 0x7F, 0x02, 0xFF, 0x7F, 0xBF, 0x04, 0xFF, 0x7F, 0xFF, 0x02, 0xFA, 0x98,
            0xCD, 0x3E, 0xFD, 0x9A, 0xD0, 0xFE, 0xFF, 0x9D, 0xD3, 0xFF, 0xFF, 0xAB, 0xE6, 0xFF, 0xFD, 0x9A,
            0xCF, 0x82, 0xFF, 0x97, 0xCF, 0x1B, 0xFC, 0x99, 0xCE, 0x64, 0xFF, 0x9A, 0xCE, 0x54, 0xFD, 0x98,
            0xCE, 0xAC, 0xFF, 0x99, 0xCD, 0x7B, 0xFF, 0x9A, 0xCF, 0x5B, 0xFF, 0x99, 0xCE, 0x3F, 0xFA, 0x99,
            0xCE, 0x35, 0xFC, 0x99, 0xCE, 0xFC, 0xFD, 0x9E, 0xD4, 0xFE, 0xFC, 0x99, 0xCE, 0x69, 0x00, 0x00,
            0x00, 0x00, 0x00, 0x00, 0x00, 0x00, 0xFD, 0x9A, 0xCE, 0x8E, 0xFF, 0xA3, 0xDB, 0xFF, 0xFC, 0x98,
            0xCD, 0xEC, 0xFF, 0xA3, 0xDA, 0x0E, 0xFF, 0xA2, 0xD0, 0x0B, 0xFC, 0x98, 0xCC, 0xEA, 0xFF, 0xA4,
            0xDC, 0xFF, 0xFF, 0xA1, 0xD9, 0xFF, 0xFD, 0x98, 0xCC, 0xC4, 0x00, 0x00, 0x00, 0x00, 0xFF, 0xAA,
            0xAA, 0x03, 0x7F, 0x00, 0x7F, 0x02, 0xFF, 0x7F, 0xBF, 0x04, 0xFF, 0x7F, 0xFF, 0x02, 0xFF, 0x9A,
            0xD1, 0x3D, 0xFD, 0x9A, 0xD0, 0xFE, 0xFF, 0x9D, 0xD3, 0xFF, 0xFF, 0xAD, 0xEA, 0xFF, 0xFD, 0x99,
            0xCF, 0x85, 0xFF, 0x97, 0xCF, 0x1B, 0xFF, 0x99, 0xCE, 0x64, 0xFF, 0x9A, 0xCE, 0x54, 0xFD, 0x98,
            0xCE, 0xAC, 0xFF, 0x99, 0xCD, 0x7B, 0xFF, 0x9A, 0xCF, 0x5B, 0xFF, 0x99, 0xCE, 0x3F, 0xFA, 0x99,
            0xCE, 0x35, 0xFC, 0x99, 0xCE, 0xFC, 0xFD, 0x9E, 0xD4, 0xFE, 0xFC, 0x99, 0xCE, 0x69, 0x00, 0x00,
            0x00, 0x00, 0x00, 0x00, 0x00, 0x00, 0xFD, 0x9A, 0xCE, 0x8E, 0xFF, 0xA3, 0xDB, 0xFF, 0xFC, 0x98,
            0xCD, 0xEC, 0xFF, 0xA3, 0xDA, 0x0E, 0xFF, 0x00, 0x00, 0x01, 0xFB, 0x99, 0xCC, 0x41, 0xFC, 0x99,
            0xCE, 0x78, 0xFD, 0x99, 0xCF, 0xE2, 0xFD, 0xA0, 0xD6, 0xF7, 0xFA, 0x96, 0xCD, 0x33, 0x00, 0x00,
            0x00, 0x00, 0x00, 0x00, 0x00, 0x00, 0x00, 0x00, 0x00, 0x00, 0x00, 0x00, 0x00, 0x00, 0xFB, 0x99,
            0xCD, 0x96, 0xFF, 0xA5, 0xDE, 0xFF, 0xFD, 0x99, 0xCE, 0xB2, 0xFF, 0x9A, 0xCF, 0x75, 0xFF, 0x9B,
            0xCD, 0x24, 0x00, 0x00, 0x00, 0x00, 0x00, 0x00, 0x00, 0x00, 0x00, 0x00, 0x00, 0x00, 0xFC, 0x99,
            0xD0, 0x78, 0xFF, 0x97, 0xC8, 0x2A, 0x00, 0x00, 0x00, 0x00, 0x00, 0x00, 0x00, 0x00, 0xFF, 0x99,
            0xD1, 0x32, 0xFF, 0xA1, 0xD8, 0xFE, 0xFC, 0x96, 0xC9, 0x78, 0x00, 0x00, 0x00, 0x00, 0xFD, 0x9B,
            0xD0, 0x8A, 0xFF, 0x97, 0xCE, 0x6A, 0x00, 0x00, 0x00, 0x00, 0xFB, 0x99, 0xCC, 0xA8, 0xFD, 0x99,
            0xCF, 0xFB, 0xFF, 0x8B, 0xB9, 0x0B, 0xFF, 0x7F, 0x7F, 0x02, 0x00, 0x00, 0x00, 0x00, 0x00, 0x00,
            0x00, 0x00, 0xFD, 0x99, 0xCE, 0xD1, 0xFF, 0xA2, 0xDA, 0xFF, 0xFF, 0x9A, 0xD0, 0xD6, 0xFF, 0x99,
            0xCE, 0x49, 0xFF, 0xA3, 0xC8, 0x0E, 0xFF, 0x97, 0xCF, 0x1B, 0xFF, 0x99, 0xCF, 0x82, 0xFD, 0x99,
            0xCF, 0xFC, 0xFF, 0xA1, 0xD9, 0xFF, 0xFC, 0x99, 0xCE, 0x6A, 0x00, 0x00, 0x00, 0x00, 0x00, 0x00,
            0x00, 0x00, 0xFF, 0x00, 0xFF, 0x01, 0xFF, 0xAA, 0xD4, 0x06, 0xFF, 0xAA, 0xAA, 0x03, 0xFD, 0x9A,
            0xCF, 0x81, 0xFF, 0x96, 0xCC, 0x38, 0xFF, 0xAA, 0xAA, 0x03, 0xFF, 0x7F, 0xFF, 0x02, 0xFA, 0x99,
            0xCC, 0x37, 0xFF, 0xA2, 0xD9, 0xFF, 0xFD, 0x9A, 0xCE, 0xB2, 0xFD, 0x9B, 0xCE, 0x99, 0xFF, 0xA4,
            0xDD, 0xFF, 0xFF, 0x9C, 0xD2, 0xFF, 0xFD, 0x98, 0xCD, 0x8B, 0xFD, 0x99, 0xCE, 0xCE, 0xFC, 0x98,
            0xCD, 0xFE, 0xFF, 0x9C, 0xD7, 0x0D, 0xFF, 0xAA, 0xFF, 0x03, 0xFF, 0xAA, 0xAA, 0x03, 0xFD, 0x9A,
            0xCD, 0x95, 0xFF, 0xA5, 0xDE, 0xFF, 0xFC, 0x97, 0xCC, 0xFC, 0xFF, 0xA8, 0xE2, 0xFF, 0xFF, 0x9F,
            0xD6, 0xFF, 0xFC, 0x98, 0xCD, 0xED, 0xFC, 0x98, 0xCC, 0xF4, 0xFF, 0xA7, 0xE2, 0xFF, 0xFF, 0xA0,
            0xD7, 0xFF, 0xFD, 0x99, 0xCF, 0xFC, 0xFC, 0x98, 0xCD, 0xFC, 0xF9, 0x9A, 0xCF, 0x2B, 0xFF, 0xFF,
            0xFF, 0x01, 0xFF, 0x7F, 0x7F, 0x02, 0xFF, 0xAA, 0xFF, 0x03, 0x00, 0x00, 0x00, 0x00, 0xFD, 0x99,
            0xCF, 0x80, 0xFF, 0x97, 0xCB, 0x36, 0x00, 0x00, 0x00, 0x00, 0x00, 0x00, 0x00, 0x00, 0xF4, 0x99,
            0xC1, 0x19, 0xFC, 0x97, 0xCD, 0xDC, 0xFF, 0x9F, 0xD6, 0xFF, 0xFF, 0x9E, 0xD4, 0xFF, 0xFC, 0x98,
            0xCD, 0xF6, 0xFC, 0x99, 0xCD, 0xF8, 0xFF, 0x9E, 0xD5, 0xFF, 0xFF, 0xA0, 0xD7, 0xFF, 0xFC, 0x97,
            0xCE, 0xBC, 0xFF, 0xAA, 0xD4, 0x06, 0xFF, 0x55, 0xAA, 0x03, 0x00, 0x00, 0x00, 0x00, 0xFB, 0x99,
            0xCD, 0x53, 0xFF, 0x9E, 0xD5, 0xFC, 0xFC, 0x99, 0xCE, 0xFA, 0xFD, 0x9A, 0xCF, 0x95, 0xFC, 0x98,
            0xCD, 0xE4, 0xFF, 0x9C, 0xD2, 0xFF, 0xFE, 0x9D, 0xD3, 0xFF, 0xFC, 0x99, 0xCC, 0xB2, 0xFC, 0x98,
            0xCD, 0xBB, 0xFF, 0xAA, 0xE4, 0xFF, 0xFD, 0x99, 0xCE, 0xC6, 0xFF, 0x99, 0xD8, 0x14, 0xFF, 0xFF,
            0xFF, 0x01, 0xFF, 0xFF, 0xFF, 0x01, 0xFF, 0xAA, 0xFF, 0x03, 0x00, 0x00, 0x00, 0x00, 0xFD, 0x99,
            0xCF, 0x80, 0xFF, 0x97, 0xCB, 0x36, 0x00, 0x00, 0x00, 0x00, 0xFF, 0x7F, 0x7F, 0x02, 0x00, 0x00,
            0x00, 0x00, 0xF0, 0x96, 0xD2, 0x11, 0xFF, 0x9E, 0xD5, 0x25, 0xFF, 0x99, 0xCC, 0x23, 0xFF, 0x9A,
            0xD0, 0x26, 0xFF, 0x9A, 0xD0, 0x26, 0xFF, 0x9D, 0xD2, 0x22, 0xFF, 0x9E, 0xD5, 0x25, 0xFF, 0x8D,
            0xC6, 0x09, 0x00, 0x00, 0x00, 0x00, 0x00, 0x00, 0x00, 0x00, 0xFF, 0x00, 0xFF, 0x01, 0x00, 0x00,
            0x00, 0x00, 0xFB, 0x93, 0xCB, 0x45, 0xFB, 0x99, 0xCE, 0x44, 0x00, 0x00, 0x00, 0x00, 0xFD, 0x98,
            0xCD, 0xAE, 0xFF, 0xAA, 0xE4, 0xFF, 0xFF, 0xA0, 0xD7, 0xFF, 0xFA, 0x96, 0xCD, 0x33, 0xFF, 0x7F,
            0xFF, 0x02, 0xFC, 0x9E, 0xD4, 0x67, 0xFF, 0xA1, 0xC9, 0x13, 0x00, 0x00, 0x00, 0x00, 0xFF, 0xFF,
            0xFF, 0x01, 0x00, 0x00, 0x00, 0x00, 0xFF, 0xAA, 0xFF, 0x03, 0x00, 0x00, 0x00, 0x00, 0xFD, 0x99,
            0xCF, 0x80, 0xFF, 0x97, 0xCB, 0x36, 0x00, 0x00, 0x00, 0x00, 0xFF, 0x7F, 0x7F, 0x02, 0xFF, 0xFF,
            0xFF, 0x01, 0x00, 0x00, 0x00, 0x00, 0x00, 0x00, 0x00, 0x00, 0x00, 0x00, 0x00, 0x00, 0x00, 0x00,
            0x00, 0x00, 0x00, 0x00, 0x00, 0x00, 0x00, 0x00, 0x00, 0x00, 0x00, 0x00, 0x00, 0x00, 0x00, 0x00,
            0x00, 0x00, 0x00, 0x00, 0x00, 0x00, 0x00, 0x00, 0x00, 0x00, 0x00, 0x00, 0x00, 0x00, 0xFF, 0xFF,
            0xFF, 0x01, 0x00, 0x00, 0x00, 0x00, 0x00, 0x00, 0x00, 0x00, 0xFF, 0xAA, 0xAA, 0x03, 0xFC, 0x96,
            0xCA, 0x58, 0xFD, 0xA0, 0xD8, 0xC2, 0xFB, 0x97, 0xCE, 0xA8, 0xFF, 0x99, 0xD8, 0x14, 0x00, 0x00,
            0x00, 0x00, 0x00, 0x00, 0x00, 0x00, 0x00, 0x00, 0x00, 0x00, 0xFF, 0x00, 0xFF, 0x01, 0x00, 0x00,
            0x00, 0x00, 0x00, 0x00, 0x00, 0x00, 0xFF, 0xAA, 0xFF, 0x03, 0x00, 0x00, 0x00, 0x00, 0xFD, 0x99,
            0xCF, 0x80, 0xFF, 0x97, 0xCB, 0x36, 0x00, 0x00, 0x00, 0x00, 0xFF, 0x7F, 0x7F, 0x02, 0x00, 0x00,
            0x00, 0x00, 0xFF, 0x9E, 0xCA, 0x1D, 0xFA, 0x9A, 0xD1, 0x38, 0xFF, 0x9B, 0xD2, 0x33, 0xFA, 0x99,
            0xCE, 0x35, 0xFF, 0x99, 0xCE, 0x35, 0xFA, 0x99, 0xCE, 0x35, 0xFA, 0x9D, 0xD0, 0x37, 0xFF, 0x93,
            0xD6, 0x13, 0x00, 0x00, 0x00, 0x00, 0x00, 0x00, 0x00, 0x00, 0x00, 0x00, 0x00, 0x00, 0x00, 0x00,
            0x00, 0x00, 0xFF, 0xAA, 0xAA, 0x03, 0xFF, 0xAA, 0xAA, 0x03, 0x00, 0x00, 0x00, 0x00, 0x00, 0x00,
            0x00, 0x00, 0x00, 0x00, 0x00, 0x00, 0x00, 0x00, 0x00, 0x00, 0x00, 0x00, 0x00, 0x00, 0xFF, 0x00,
            0xFF, 0x01, 0xFF, 0x7F, 0xBF, 0x04, 0xFF, 0xFF, 0xFF, 0x01, 0x00, 0x00, 0x00, 0x00, 0x00, 0x00,
            0x00, 0x00, 0x00, 0x00, 0x00, 0x00, 0xFF, 0xAA, 0xFF, 0x03, 0x00, 0x00, 0x00, 0x00, 0xFD, 0x99,
            0xCF, 0x80, 0xFF, 0x97, 0xCB, 0x36, 0x00, 0x00, 0x00, 0x00, 0x00, 0x00, 0x00, 0x00, 0xFF, 0x95,
            0xD3, 0x1D, 0xFC, 0x99, 0xCE, 0xE7, 0xFD, 0x9A, 0xD0, 0xFC, 0xFE, 0x9A, 0xCF, 0xFF, 0xFC, 0x99,
            0xCE, 0xFD, 0xFC, 0x98, 0xCE, 0xFB, 0xFC, 0x98, 0xCE, 0xFB, 0xFF, 0x9E, 0xD5, 0xFD, 0xFC, 0x99,
            0xCE, 0xC9, 0xFF, 0xAA, 0xD4, 0x06, 0x00, 0x00, 0x00, 0x00, 0x00, 0x00, 0x00, 0x00, 0x00, 0x00,
            0x00, 0x00, 0x00, 0x00, 0x00, 0x00, 0x00, 0x00, 0x00, 0x00, 0x00, 0x00, 0x00, 0x00, 0xFF, 0x7F,
            0x7F, 0x02, 0x00, 0x00, 0x00, 0x00, 0xFF, 0xFF, 0xFF, 0x01, 0xFF, 0x00, 0xFF, 0x01, 0x00, 0x00,
            0x00, 0x00, 0x00, 0x00, 0x00, 0x00, 0x00, 0x00, 0x00, 0x00, 0x00, 0x00, 0x00, 0x00, 0x00, 0x00,
            0x00, 0x00, 0x00, 0x00, 0x00, 0x00, 0xFF, 0xAA, 0xFF, 0x03, 0x00, 0x00, 0x00, 0x00, 0xFC, 0x98,
            0xCE, 0x7F, 0xFF, 0x96, 0xCC, 0x38, 0xFF, 0x7F, 0xBF, 0x04, 0xFF, 0x7F, 0xFF, 0x02, 0xFA, 0x98,
            0xCD, 0x39, 0xFF, 0x9A, 0xCF, 0xFF, 0xFF, 0x9D, 0xD4, 0xFF, 0xFD, 0x99, 0xCF, 0xEA, 0xFF, 0x9A,
            0xD0, 0xFF, 0xFF, 0x9F, 0xD6, 0xFF, 0xFC, 0x98, 0xCD, 0xFC, 0xFF, 0x9C, 0xD3, 0xFF, 0xFC, 0x99,
            0xCD, 0xF3, 0xFF, 0x99, 0xDD, 0x0F, 0x00, 0x00, 0x00, 0x00, 0x00, 0x00, 0x00, 0x00, 0x00, 0x00,
            0x00, 0x00, 0x00, 0x00, 0x00, 0x00, 0x00, 0x00, 0x00, 0x00, 0x00, 0x00, 0x00, 0x00, 0x00, 0x00,
            0x00, 0x00, 0xFF, 0x00, 0x00, 0x01, 0x00, 0x00, 0x00, 0x00, 0x00, 0x00, 0x00, 0x00, 0x00, 0x00,
            0x00, 0x00, 0x00, 0x00, 0x00, 0x00, 0x00, 0x00, 0x00, 0x00, 0x00, 0x00, 0x00, 0x00, 0x00, 0x00,
            0x00, 0x00, 0x00, 0x00, 0x00, 0x00, 0xFF, 0xAA, 0xFF, 0x03, 0x00, 0x00, 0x00, 0x00, 0xFD, 0x99,
            0xCF, 0x85, 0xFF, 0x9A, 0xC9, 0x2B, 0x00, 0x00, 0x00, 0x00, 0x00, 0x00, 0x00, 0x00, 0xFA, 0x9B,
            0xCD, 0x33, 0xFF, 0x9E, 0xD4, 0xFF, 0xFC, 0x99, 0xCD, 0xDD, 0xFF, 0x96, 0xD2, 0x11, 0xFB, 0x9A,
            0xD0, 0x42, 0xFD, 0x9D, 0xD4, 0xE3, 0xFF, 0xA1, 0xD9, 0xFF, 0xFF, 0x9B, 0xD1, 0xFC, 0xFC, 0x99,
            0xCE, 0xEC, 0xFF, 0xA3, 0xDA, 0x0E, 0x00, 0x00, 0x00, 0x00, 0x00, 0x00, 0x00, 0x00, 0x00, 0x00,
            0x00, 0x00, 0x00, 0x00, 0x00, 0x00, 0x00, 0x00, 0x00, 0x00, 0x00, 0x00, 0x00, 0x00, 0x00, 0x00,
            0x00, 0x00, 0x00, 0x00, 0x00, 0x00, 0x00, 0x00, 0x00, 0x00, 0x00, 0x00, 0x00, 0x00, 0x00, 0x00,
            0x00, 0x00, 0x00, 0x00, 0x00, 0x00, 0x00, 0x00, 0x00, 0x00, 0x00, 0x00, 0x00, 0x00, 0x00, 0x00,
            0x00, 0x00, 0x00, 0x00, 0x00, 0x00, 0xFF, 0xAA, 0xAA, 0x03, 0x00, 0x00, 0x00, 0x00, 0xFC, 0x98,
            0xCF, 0x5C, 0xFD, 0x99, 0xCD, 0x96, 0xFC, 0x98, 0xCF, 0x70, 0xFF, 0x9A, 0xD0, 0x4C, 0xFA, 0x99,
            0xCC, 0x37, 0xFD, 0x9C, 0xD3, 0xF4, 0xFF, 0x97, 0xCF, 0x36, 0xFF, 0x9F, 0xCF, 0x10, 0xEF, 0x7F,
            0xBF, 0x10, 0xF2, 0x99, 0xCC, 0x14, 0xFD, 0x9A, 0xCF, 0xB7, 0xFF, 0xA6, 0xDF, 0xFF, 0xFC, 0x99,
            0xCD, 0xEE, 0xFF, 0xA3, 0xDA, 0x0E, 0x00, 0x00, 0x00, 0x00, 0x00, 0x00, 0x00, 0x00, 0x00, 0x00,
            0x00, 0x00, 0x00, 0x00, 0x00, 0x00, 0x00, 0x00, 0x00, 0x00, 0x00, 0x00, 0x00, 0x00, 0x00, 0x00,
            0x00, 0x00, 0x00, 0x00, 0x00, 0x00, 0x00, 0x00, 0x00, 0x00, 0x00, 0x00, 0x00, 0x00, 0x00, 0x00,
            0x00, 0x00, 0x00, 0x00, 0x00, 0x00, 0x00, 0x00, 0x00, 0x00, 0x00, 0x00, 0x00, 0x00, 0x00, 0x00,
            0x00, 0x00, 0x00, 0x00, 0x00, 0x00, 0x00, 0x00, 0x00, 0x00, 0x00, 0x00, 0x00, 0x00, 0x00, 0x00,
            0x00, 0x00, 0xFF, 0x9A, 0xCC, 0x3D, 0xFC, 0x97, 0xCE, 0x59, 0xFF, 0x99, 0xCE, 0x35, 0xFF, 0x96,
            0xD1, 0x3D, 0xFC, 0x98, 0xCC, 0xD9, 0xFF, 0x96, 0xD0, 0x16, 0xFD, 0x99, 0xCD, 0xB4, 0xFF, 0x9F,
            0xD6, 0xE2, 0xFF, 0x96, 0xCC, 0x38, 0x00, 0x00, 0x00, 0x00, 0xFC, 0x9B, 0xD0, 0x7D, 0xFC, 0x99,
            0xCE, 0xF0, 0xFF, 0x91, 0xC8, 0x0E, 0x00, 0x00, 0x00, 0x00, 0x00, 0x00, 0x00, 0x00, 0x00, 0x00,
            0x00, 0x00, 0x00, 0x00, 0x00, 0x00, 0x00, 0x00, 0x00, 0x00, 0x00, 0x00, 0x00, 0x00, 0x00, 0x00,
            0x00, 0x00, 0x00, 0x00, 0x00, 0x00, 0x00, 0x00, 0x00, 0x00, 0x00, 0x00, 0x00, 0x00, 0x00, 0x00,
            0x00, 0x00, 0x00, 0x00, 0x00, 0x00, 0x00, 0x00, 0x00, 0x00, 0x00, 0x00, 0x00, 0x00, 0x00, 0x00,
            0x00, 0x00, 0x00, 0x00, 0x00, 0x00, 0x00, 0x00, 0x00, 0x00, 0x00, 0x00, 0x00, 0x00, 0x00, 0x00,
            0x00, 0x00, 0x00, 0x00, 0x00, 0x00, 0x00, 0x00, 0x00, 0x00, 0x00, 0x00, 0x00, 0x00, 0xFA, 0x97,
            0xCF, 0x36, 0xFB, 0x98, 0xCE, 0xFC, 0xFD, 0x98, 0xCE, 0xF4, 0xFE, 0x9A, 0xCF, 0xFF, 0xFF, 0x9E,
            0xD4, 0xFF, 0xFD, 0x9C, 0xD2, 0xFC, 0xFC, 0x9A, 0xCF, 0x70, 0xFF, 0x93, 0xCC, 0x32, 0xFC, 0x98,
            0xCD, 0xE7, 0xF0, 0x96, 0xC3, 0x11, 0x00, 0x00, 0x00, 0x00, 0x00, 0x00, 0x00, 0x00, 0x00, 0x00,
            0x00, 0x00, 0x00, 0x00, 0x00, 0x00, 0x00, 0x00, 0x00, 0x00, 0x00, 0x00, 0x00, 0x00, 0x00, 0x00,
            0x00, 0x00, 0x00, 0x00, 0x00, 0x00, 0x00, 0x00, 0x00, 0x00, 0x00, 0x00, 0x00, 0x00, 0x00, 0x00,
            0x00, 0x00, 0x00, 0x00, 0x00, 0x00, 0x00, 0x00, 0x00, 0x00, 0x00, 0x00, 0x00, 0x00, 0x00, 0x00,
            0x00, 0x00, 0x00, 0x00, 0x00, 0x00, 0x00, 0x00, 0x00, 0x00, 0x00, 0x00, 0x00, 0x00, 0x00, 0x00,
            0x00, 0x00, 0xFF, 0x7F, 0xFF, 0x02, 0xFF, 0x99, 0xCC, 0x05, 0xFF, 0x7F, 0x7F, 0x02, 0xFA, 0x96,
            0xCC, 0x38, 0xFF, 0x9D, 0xD4, 0xFF, 0xFF, 0x9E, 0xD5, 0xFF, 0xFF, 0x9C, 0xD1, 0xFF, 0xFF, 0x9A,
            0xD0, 0xFF, 0xFF, 0x9E, 0xD4, 0xFF, 0xFF, 0xA0, 0xD8, 0xFF, 0xFF, 0x9E, 0xD5, 0xFF, 0xFC, 0x99,
            0xCD, 0xF8, 0xFF, 0xA3, 0xDA, 0x0E, 0x00, 0x00, 0x00, 0x00, 0x00, 0x00, 0x00, 0x00, 0x00, 0x00,
            0x00, 0x00, 0x00, 0x00, 0x00, 0x00, 0x00, 0x00, 0x00, 0x00, 0x00, 0x00, 0x00, 0x00, 0x00, 0x00,
            0x00, 0x00, 0x00, 0x00, 0x00, 0x00, 0x00, 0x00, 0x00, 0x00, 0x00, 0x00, 0x00, 0x00, 0x00, 0x00,
            0x00, 0x00, 0x00, 0x00, 0x00, 0x00, 0x00, 0x00, 0x00, 0x00, 0x00, 0x00, 0x00, 0x00, 0x00, 0x00,
            0x00, 0x00, 0x00, 0x00, 0x00, 0x00, 0x00, 0x00, 0x00, 0x00, 0x00, 0x00, 0x00, 0x00, 0x00, 0x00,
            0x00, 0x00, 0x00, 0x00, 0x00, 0x00, 0xFF, 0x00, 0xFF, 0x01, 0x00, 0x00, 0x00, 0x00, 0xFF, 0xA1,
            0xD6, 0x13, 0xFC, 0x98, 0xCD, 0xCA, 0xFF, 0x9C, 0xD2, 0xED, 0xFC, 0x99, 0xCE, 0xEC, 0xFC, 0x99,
            0xCD, 0xEE, 0xFC, 0x98, 0xCD, 0xED, 0xFC, 0x98, 0xCD, 0xEA, 0xFF, 0x9E, 0xD5, 0xEF, 0xFC, 0x98,
            0xCD, 0xAB, 0xFF, 0x99, 0xCC, 0x05, 0x00, 0x00, 0x00, 0x00, 0x00, 0x00, 0x00, 0x00, 0x00, 0x00,
            0x00, 0x00, 0x00, 0x00, 0x00, 0x00, 0x00, 0x00, 0x00, 0x00, 0x00, 0x00, 0x00, 0x00, 0x00, 0x00,
            0x00, 0x00, 0x00, 0x00, 0x00, 0x00, 0x00, 0x00, 0x00, 0x00, 0x00, 0x00, 0x00, 0x00, 0x00, 0x00,
            0x00, 0x00, 0x00, 0x00, 0x00, 0x00, 0x00, 0x00, 0x00, 0x00, 0x00, 0x00, 0x00, 0x00, 0x00, 0x00,
            0x00, 0x00, 0x00, 0x00, 0x00, 0x00, 0x00, 0x00, 0x00, 0x00, 0x00, 0x00, 0x00, 0x00, 0x00, 0x00,
            0x00, 0x00, 0x00, 0x00, 0x00, 0x00, 0x00, 0x00, 0x00, 0x00, 0x00, 0x00, 0x00, 0x00, 0x00, 0x00,
            0x00, 0x00, 0xFF, 0xBF, 0xBF, 0x04, 0xFF, 0xA3, 0xEC, 0x0E, 0xFF, 0xA3, 0xC8, 0x0E, 0xFF, 0xA3,
            0xDA, 0x0E, 0xFF, 0xA3, 0xDA, 0x0E, 0xFF, 0x91, 0xC8, 0x0E, 0xFF, 0xA3, 0xDA, 0x0E, 0x00, 0x00,
            0x00, 0x00, 0x00, 0x00, 0x00, 0x00
        };


        private static readonly byte[] ThemeBmp =
        {
            0x42, 0x4D, 0x36, 0x10, 0x00, 0x00, 0x00, 0x00, 0x00, 0x00, 0x36, 0x00, 0x00, 0x00, 0x28, 0x00,
            0x00, 0x00, 0x20, 0x00, 0x00, 0x00, 0x20, 0x00, 0x00, 0x00, 0x01, 0x00, 0x20, 0x00, 0x00, 0x00,
            0x00, 0x00, 0x00, 0x10, 0x00, 0x00, 0x00, 0x00, 0x00, 0x00, 0x00, 0x00, 0x00, 0x00, 0x00, 0x00,
            0x00, 0x00, 0x00, 0x00, 0x00, 0x00, 0x00, 0x00, 0x00, 0x00, 0x00, 0x00, 0x00, 0x00, 0x00, 0x00,
            0x00, 0x00, 0x00, 0x00, 0x00, 0x00, 0x00, 0x00, 0x00, 0x00, 0x00, 0x00, 0x00, 0x00, 0x00, 0x00,
            0x00, 0x00, 0x00, 0x00, 0x00, 0x00, 0x00, 0x00, 0x00, 0x00, 0x00, 0x00, 0x00, 0x00, 0x00, 0x00,
            0x00, 0x00, 0x00, 0x00, 0x00, 0x00, 0x00, 0x00, 0x00, 0x00, 0x00, 0x00, 0x00, 0x00, 0x00, 0x00,
            0x00, 0x00, 0x00, 0x00, 0x00, 0x00, 0x00, 0x00, 0x00, 0x00, 0x00, 0x00, 0x00, 0x00, 0x00, 0x00,
            0x00, 0x00, 0x00, 0x00, 0x00, 0x00, 0x00, 0x00, 0x00, 0x00, 0x00, 0x00, 0x00, 0x00, 0x00, 0x00,
            0x00, 0x00, 0x00, 0x00, 0x00, 0x00, 0x00, 0x00, 0x00, 0x00, 0x00, 0x00, 0x00, 0x00, 0x00, 0x00,
            0x00, 0x00, 0x00, 0x00, 0x00, 0x00, 0x00, 0x00, 0x00, 0x00, 0x00, 0x00, 0x00, 0x00, 0x00, 0x00,
            0x00, 0x00, 0x00, 0x00, 0x00, 0x00, 0x00, 0x00, 0x00, 0x00, 0x00, 0x00, 0x00, 0x00, 0x00, 0x00,
            0x00, 0x00, 0x00, 0x00, 0x00, 0x00, 0x00, 0x00, 0x00, 0x00, 0x00, 0x00, 0x00, 0x00, 0x00, 0x00,
            0x00, 0x00, 0x00, 0x00, 0x00, 0x00, 0x00, 0x00, 0x00, 0x00, 0x00, 0x00, 0x00, 0x00, 0x00, 0x00,
            0x00, 0x00, 0x00, 0x00, 0x00, 0x00, 0x00, 0x00, 0x00, 0x00, 0x00, 0x00, 0x00, 0x00, 0x00, 0x00,
            0x00, 0x00, 0x00, 0x00, 0x00, 0x00, 0x00, 0x00, 0x00, 0x00, 0x00, 0x00, 0x00, 0x00, 0x00, 0x00,
            0x00, 0x00, 0x00, 0x00, 0x00, 0x00, 0x00, 0x00, 0x00, 0x00, 0x00, 0x00, 0x00, 0x00, 0x00, 0x00,
            0x00, 0x00, 0x00, 0x00, 0x00, 0x00, 0x00, 0x00, 0x00, 0x00, 0x00, 0x00, 0x00, 0x00, 0x00, 0x00,
            0x00, 0x00, 0x00, 0x00, 0x00, 0x00, 0x00, 0x00, 0x00, 0x00, 0x00, 0x00, 0x00, 0x00, 0x00, 0x00,
            0x00, 0x00, 0x00, 0x00, 0x00, 0x00, 0x00, 0x00, 0x00, 0x00, 0x00, 0x00, 0x00, 0x00, 0x00, 0x00,
            0x00, 0x00, 0x00, 0x00, 0x00, 0x00, 0x00, 0x00, 0x00, 0x00, 0x00, 0x00, 0x00, 0x00, 0x00, 0x00,
            0x00, 0x00, 0x00, 0x00, 0x00, 0x00, 0x00, 0x00, 0x00, 0x00, 0x00, 0x00, 0x00, 0x00, 0x00, 0x00,
            0x00, 0x00, 0x00, 0x00, 0x00, 0x00, 0x00, 0x00, 0x00, 0x00, 0x00, 0x00, 0x00, 0x00, 0x00, 0x00,
            0x00, 0x00, 0x00, 0x00, 0x00, 0x00, 0x00, 0x00, 0x00, 0x00, 0x00, 0x00, 0x00, 0x00, 0x00, 0x00,
            0x00, 0x00, 0x00, 0x00, 0x00, 0x00, 0x00, 0x00, 0x00, 0x00, 0x00, 0x00, 0x00, 0x00, 0x00, 0x00,
            0x00, 0x00, 0x00, 0x00, 0x00, 0x00, 0x00, 0x00, 0x00, 0x00, 0x00, 0x00, 0x00, 0x00, 0x00, 0x00,
            0x00, 0x00, 0x00, 0x00, 0x00, 0x00, 0x00, 0x00, 0x00, 0x00, 0x00, 0x00, 0x00, 0x00, 0x00, 0x00,
            0x00, 0x00, 0x00, 0x00, 0x00, 0x00, 0x00, 0x00, 0x00, 0x00, 0x00, 0x00, 0x00, 0x00, 0x00, 0x00,
            0x00, 0x00, 0x00, 0x00, 0x00, 0x00, 0x00, 0x00, 0x00, 0x00, 0x00, 0x00, 0x00, 0x00, 0xFF, 0xFF,
            0xFF, 0x01, 0xFF, 0xFF, 0xFF, 0x02, 0xFF, 0xFF, 0xFF, 0x03, 0xFF, 0xFF, 0xFF, 0x03, 0xFF, 0xFF,
            0xFF, 0x03, 0xFF, 0xFF, 0xFF, 0x03, 0xFF, 0xFF, 0xFF, 0x03, 0xFF, 0xFF, 0xFF, 0x03, 0xFF, 0xFF,
            0xFF, 0x03, 0xFF, 0xFF, 0xFF, 0x02, 0xFF, 0xFF, 0xFF, 0x02, 0xFF, 0xFF, 0xFF, 0x02, 0xFF, 0xFF,
            0xFF, 0x02, 0xFF, 0xFF, 0xFF, 0x02, 0xFF, 0xFF, 0xFF, 0x02, 0xFF, 0xFF, 0xFF, 0x02, 0xFF, 0xFF,
            0xFF, 0x02, 0xFF, 0xFF, 0xFF, 0x02, 0xFF, 0xFF, 0xFF, 0x02, 0xFF, 0xFF, 0xFF, 0x01, 0x00, 0x00,
            0x00, 0x00, 0x00, 0x00, 0x00, 0x00, 0x00, 0x00, 0x00, 0x00, 0x00, 0x00, 0x00, 0x00, 0x00, 0x00,
            0x00, 0x00, 0x00, 0x00, 0x00, 0x00, 0x00, 0x00, 0x00, 0x00, 0x00, 0x00, 0x00, 0x00, 0x00, 0x00,
            0x00, 0x00, 0x00, 0x00, 0x00, 0x00, 0x00, 0x00, 0x00, 0x00, 0xFF, 0xFF, 0xFF, 0x01, 0x00, 0x00,
            0x00, 0x00, 0x00, 0x00, 0x00, 0x00, 0x00, 0x00, 0x00, 0x00, 0x00, 0x00, 0x00, 0x00, 0x00, 0x00,
            0x00, 0x00, 0x00, 0x00, 0x00, 0x00, 0x00, 0x00, 0x00, 0x00, 0x00, 0x00, 0x00, 0x00, 0x00, 0x00,
            0x00, 0x00, 0x00, 0x00, 0x00, 0x00, 0x00, 0x00, 0x00, 0x00, 0x00, 0x00, 0x00, 0x00, 0x00, 0x00,
            0x00, 0x00, 0x00, 0x00, 0x00, 0x00, 0x00, 0x00, 0x00, 0x00, 0x00, 0x00, 0x00, 0x00, 0x00, 0x00,
            0x00, 0x00, 0x00, 0x00, 0x00, 0x00, 0x00, 0x00, 0x00, 0x00, 0x00, 0x00, 0x00, 0x00, 0xFF, 0xFF,
            0xFF, 0x01, 0x00, 0x00, 0x00, 0x00, 0x00, 0x00, 0x00, 0x00, 0x00, 0x00, 0x00, 0x00, 0x00, 0x00,
            0x00, 0x00, 0x00, 0x00, 0x00, 0x00, 0x00, 0x00, 0x00, 0x00, 0x00, 0x00, 0x00, 0x00, 0x00, 0x00,
            0x00, 0x00, 0x00, 0x00, 0x00, 0x00, 0xFF, 0xFF, 0xFF, 0x01, 0x00, 0x00, 0x00, 0x00, 0xFF, 0xFF,
            0xFF, 0x02, 0xFF, 0xFF, 0xFF, 0x41, 0xFF, 0xFF, 0xFF, 0x71, 0xFF, 0xFF, 0xFF, 0x78, 0xFF, 0xFF,
            0xFF, 0x77, 0xFF, 0xFF, 0xFF, 0x77, 0xFF, 0xFF, 0xFF, 0x76, 0xFF, 0xFF, 0xFF, 0x75, 0xFF, 0xFF,
            0xFF, 0x74, 0xFF, 0xFF, 0xFF, 0x73, 0xFF, 0xFF, 0xFF, 0x73, 0xFF, 0xFF, 0xFF, 0x72, 0xFF, 0xFF,
            0xFF, 0x71, 0xFF, 0xFF, 0xFF, 0x71, 0xFF, 0xFF, 0xFF, 0x70, 0xFF, 0xFF, 0xFF, 0x6F, 0xFF, 0xFF,
            0xFF, 0x6F, 0xFF, 0xFF, 0xFF, 0x67, 0xFF, 0xFF, 0xFF, 0x3F, 0xFF, 0xFF, 0xFF, 0x04, 0x00, 0x00,
            0x00, 0x00, 0xFF, 0xFF, 0xFF, 0x01, 0x00, 0x00, 0x00, 0x00, 0x00, 0x00, 0x00, 0x00, 0x00, 0x00,
            0x00, 0x00, 0x00, 0x00, 0x00, 0x00, 0x00, 0x00, 0x00, 0x00, 0x00, 0x00, 0x00, 0x00, 0x00, 0x00,
            0x00, 0x00, 0xFF, 0xFF, 0xFF, 0x01, 0x00, 0x00, 0x00, 0x00, 0xFF, 0xFF, 0xFF, 0x1C, 0xFF, 0xFF,
            0xFF, 0x96, 0xFF, 0xFF, 0xFF, 0xC4, 0xFF, 0xFF, 0xFF, 0xC1, 0xFF, 0xFF, 0xFF, 0xBE, 0xFF, 0xFF,
            0xFF, 0xBB, 0xFF, 0xFF, 0xFF, 0xB9, 0xFF, 0xFF, 0xFF, 0xB6, 0xFF, 0xFF, 0xFF, 0xB3, 0xFF, 0xFF,
            0xFF, 0xB1, 0xFF, 0xFF, 0xFF, 0xAE, 0xFF, 0xFF, 0xFF, 0xAB, 0xFF, 0xFF, 0xFF, 0xA9, 0xFF, 0xFF,
            0xFF, 0xA6, 0xFF, 0xFF, 0xFF, 0xA2, 0xFF, 0xFF, 0xFF, 0xA0, 0xFF, 0xFF, 0xFF, 0x9E, 0xFF, 0xFF,
            0xFF, 0x9A, 0xFF, 0xFF, 0xFF, 0x99, 0xFF, 0xFF, 0xFF, 0xA0, 0xFF, 0xFF, 0xFF, 0x86, 0xFF, 0xFF,
            0xFF, 0x1A, 0x00, 0x00, 0x00, 0x00, 0xFF, 0xFF, 0xFF, 0x01, 0x00, 0x00, 0x00, 0x00, 0x00, 0x00,
            0x00, 0x00, 0x00, 0x00, 0x00, 0x00, 0x00, 0x00, 0x00, 0x00, 0x00, 0x00, 0x00, 0x00, 0xFF, 0xFF,
            0xFF, 0x01, 0xFF, 0xFF, 0xFF, 0x01, 0xFF, 0xFF, 0xFF, 0x11, 0xFF, 0xFF, 0xFF, 0xA9, 0xFF, 0xFF,
            0xFF, 0xC8, 0xFF, 0xFF, 0xFF, 0xB5, 0xFF, 0xFF, 0xFF, 0xB5, 0xFF, 0xFF, 0xFF, 0xB2, 0xFF, 0xFF,
            0xFF, 0xAF, 0xFF, 0xFF, 0xFF, 0xAC, 0xFF, 0xFF, 0xFF, 0xAA, 0xFF, 0xFF, 0xFF, 0xA7, 0xFF, 0xFF,
            0xFF, 0xA4, 0xFF, 0xFF, 0xFF, 0xA2, 0xFF, 0xFF, 0xFF, 0x9F, 0xFF, 0xFF, 0xFF, 0x9C, 0xFF, 0xFF,
            0xFF, 0x9A, 0xFF, 0xFF, 0xFF, 0x97, 0xFF, 0xFF, 0xFF, 0x93, 0xFF, 0xFF, 0xFF, 0x90, 0xFF, 0xFF,
            0xFF, 0x8E, 0xFF, 0xFF, 0xFF, 0x89, 0xFF, 0xFF, 0xFF, 0x84, 0xFF, 0xFF, 0xFF, 0x96, 0xFF, 0xFF,
            0xFF, 0x8E, 0xFF, 0xFF, 0xFF, 0x0F, 0xFF, 0xFF, 0xFF, 0x01, 0xFF, 0xFF, 0xFF, 0x01, 0x00, 0x00,
            0x00, 0x00, 0x00, 0x00, 0x00, 0x00, 0x00, 0x00, 0x00, 0x00, 0x00, 0x00, 0x00, 0x00, 0xFF, 0xFF,
            0xFF, 0x03, 0x00, 0x00, 0x00, 0x00, 0xFF, 0xFF, 0xFF, 0x70, 0xFF, 0xFF, 0xFF, 0xD3, 0xFF, 0xFF,
            0xFF, 0xB9, 0xFF, 0xFF, 0xFF, 0xBC, 0xFF, 0xFF, 0xFF, 0xBA, 0xFF, 0xFF, 0xFF, 0xB7, 0xFF, 0xFF,
            0xFF, 0xB5, 0xFF, 0xFF, 0xFF, 0xB2, 0xFF, 0xFF, 0xFF, 0xAF, 0xFF, 0xFF, 0xFF, 0xAD, 0xFF, 0xFF,
            0xFF, 0xAA, 0xFF, 0xFF, 0xFF, 0xA7, 0xFF, 0xFF, 0xFF, 0xA5, 0xFF, 0xFF, 0xFF, 0xA2, 0xFF, 0xFF,
            0xFF, 0x9F, 0xFF, 0xFF, 0xFF, 0x9C, 0xFF, 0xFF, 0xFF, 0x9A, 0xFF, 0xFF, 0xFF, 0x96, 0xFF, 0xFF,
            0xFF, 0x94, 0xFF, 0xFF, 0xFF, 0x91, 0xFF, 0xFF, 0xFF, 0x8E, 0xFF, 0xFF, 0xFF, 0x83, 0xFF, 0xFF,
            0xFF, 0x9D, 0xFF, 0xFF, 0xFF, 0x5D, 0x00, 0x00, 0x00, 0x00, 0xFF, 0xFF, 0xFF, 0x02, 0x00, 0x00,
            0x00, 0x00, 0x00, 0x00, 0x00, 0x00, 0x00, 0x00, 0x00, 0x00, 0xFF, 0xFF, 0xFF, 0x01, 0x00, 0x00,
            0x00, 0x00, 0xFF, 0xFF, 0xFF, 0x05, 0xFF, 0xFF, 0xFF, 0xB0, 0xFF, 0xFF, 0xFF, 0xC8, 0xFF, 0xFF,
            0xFF, 0xBF, 0xFF, 0xFF, 0xFF, 0xBE, 0xFF, 0xFF, 0xFF, 0xBC, 0xFF, 0xFF, 0xFF, 0xBA, 0xFF, 0xFF,
            0xFF, 0xB7, 0xFF, 0xFF, 0xFF, 0xB5, 0xFF, 0xFF, 0xFF, 0xB2, 0xFF, 0xFF, 0xFF, 0xAF, 0xFF, 0xFF,
            0xFF, 0xAD, 0xFF, 0xFF, 0xFF, 0xAA, 0xFF, 0xFF, 0xFF, 0xA7, 0xFF, 0xFF, 0xFF, 0xA5, 0xFF, 0xFF,
            0xFF, 0xA2, 0xFF, 0xFF, 0xFF, 0x9F, 0xFF, 0xFF, 0xFF, 0x9C, 0xFF, 0xFF, 0xFF, 0x9A, 0xFF, 0xFF,
            0xFF, 0x96, 0xFF, 0xFF, 0xFF, 0x93, 0xFF, 0xFF, 0xFF, 0x91, 0xFF, 0xFF, 0xFF, 0x8C, 0xFF, 0xFF,
            0xFF, 0x8E, 0xFF, 0xFF, 0xFF, 0x89, 0xFF, 0xFF, 0xFF, 0x05, 0x00, 0x00, 0x00, 0x00, 0x00, 0x00,
            0x00, 0x00, 0x00, 0x00, 0x00, 0x00, 0x00, 0x00, 0x00, 0x00, 0xFF, 0xFF, 0xFF, 0x01, 0x00, 0x00,
            0x00, 0x00, 0xFF, 0xFF, 0xFF, 0x0E, 0xFF, 0xFF, 0xFF, 0xC1, 0xFF, 0xFF, 0xFF, 0xC8, 0xFF, 0xFF,
            0xFF, 0xC2, 0xFF, 0xFF, 0xFF, 0xC1, 0xFF, 0xFF, 0xFF, 0xBE, 0xFF, 0xFF, 0xFF, 0xBC, 0xFF, 0xFF,
            0xFF, 0xBA, 0xFF, 0xFF, 0xFF, 0xB7, 0xFF, 0xFF, 0xFF, 0xB5, 0xFF, 0xFF, 0xFF, 0xB2, 0xFF, 0xFF,
            0xFF, 0xAF, 0xFF, 0xFF, 0xFF, 0xAD, 0xFF, 0xFF, 0xFF, 0xAA, 0xFF, 0xFF, 0xFF, 0xA7, 0xFF, 0xFF,
            0xFF, 0xA5, 0xFF, 0xFF, 0xFF, 0xA2, 0xFF, 0xFF, 0xFF, 0x9F, 0xFF, 0xFF, 0xFF, 0x9C, 0xFF, 0xFF,
            0xFF, 0x9A, 0xFF, 0xFF, 0xFF, 0x96, 0xFF, 0xFF, 0xFF, 0x93, 0xFF, 0xFF, 0xFF, 0x90, 0xFF, 0xFF,
            0xFF, 0x8E, 0xFF, 0xFF, 0xFF, 0x94, 0xFF, 0xFF, 0xFF, 0x0D, 0x00, 0x00, 0x00, 0x00, 0xFF, 0xFF,
            0xFF, 0x01, 0x00, 0x00, 0x00, 0x00, 0x00, 0x00, 0x00, 0x00, 0xFF, 0xFF, 0xFF, 0x01, 0x00, 0x00,
            0x00, 0x00, 0xFF, 0xFF, 0xFF, 0x0A, 0xFF, 0xFF, 0xFF, 0xBE, 0xFF, 0xFF, 0xFF, 0xCB, 0xFF, 0xFF,
            0xFF, 0xC5, 0xFF, 0xFF, 0xFF, 0xC3, 0xFF, 0xFF, 0xFF, 0xC1, 0xFF, 0xFF, 0xFF, 0xBE, 0xFF, 0xFF,
            0xFF, 0xBC, 0xFF, 0xFF, 0xFF, 0xBA, 0xFF, 0xFF, 0xFF, 0xB7, 0xFF, 0xFF, 0xFF, 0xB5, 0xFF, 0xFF,
            0xFF, 0xB2, 0xFF, 0xFF, 0xFF, 0xAF, 0xFF, 0xFF, 0xFF, 0xAD, 0xFF, 0xFF, 0xFF, 0xAA, 0xFF, 0xFF,
            0xFF, 0xA7, 0xFF, 0xFF, 0xFF, 0xA5, 0xFF, 0xFF, 0xFF, 0xA2, 0xFF, 0xFF, 0xFF, 0x9F, 0xFF, 0xFF,
            0xFF, 0x9C, 0xFF, 0xFF, 0xFF, 0x9A, 0xFF, 0xFF, 0xFF, 0x96, 0xFF, 0xFF, 0xFF, 0x93, 0xFF, 0xFF,
            0xFF, 0x93, 0xFF, 0xFF, 0xFF, 0x91, 0xFF, 0xFF, 0xFF, 0x08, 0x00, 0x00, 0x00, 0x00, 0xFF, 0xFF,
            0xFF, 0x01, 0x00, 0x00, 0x00, 0x00, 0x00, 0x00, 0x00, 0x00, 0x00, 0x00, 0x00, 0x00, 0xFF, 0xFF,
            0xFF, 0x02, 0x00, 0x00, 0x00, 0x00, 0xFF, 0xFF, 0xFF, 0x97, 0xFF, 0xFF, 0xFF, 0xD8, 0xFF, 0xFF,
            0xFF, 0xC3, 0xFF, 0xFF, 0xFF, 0xC6, 0xFF, 0xFF, 0xFF, 0xC3, 0xFF, 0xFF, 0xFF, 0xC1, 0xFF, 0xFF,
            0xFF, 0xBE, 0xFF, 0xFF, 0xFF, 0xBC, 0xFF, 0xFF, 0xFF, 0xBA, 0xFF, 0xFF, 0xFF, 0xB7, 0xFF, 0xFF,
            0xFF, 0xB5, 0xFF, 0xFF, 0xFF, 0xB2, 0xFF, 0xFF, 0xFF, 0xAF, 0xFF, 0xFF, 0xFF, 0xAD, 0xFF, 0xFF,
            0xFF, 0xAA, 0xFF, 0xFF, 0xFF, 0xA7, 0xFF, 0xFF, 0xFF, 0xA5, 0xFF, 0xFF, 0xFF, 0xA2, 0xFF, 0xFF,
            0xFF, 0x9F, 0xFF, 0xFF, 0xFF, 0x9C, 0xFF, 0xFF, 0xFF, 0x9A, 0xFF, 0xFF, 0xFF, 0x92, 0xFF, 0xFF,
            0xFF, 0xA0, 0xFF, 0xFF, 0xFF, 0x73, 0x00, 0x00, 0x00, 0x00, 0xFF, 0xFF, 0xFF, 0x01, 0x00, 0x00,
            0x00, 0x00, 0x00, 0x00, 0x00, 0x00, 0x00, 0x00, 0x00, 0x00, 0x00, 0x00, 0x00, 0x00, 0xFF, 0xFF,
            0xFF, 0x02, 0x00, 0x00, 0x00, 0x00, 0xFF, 0xFF, 0xFF, 0x33, 0xFF, 0xFF, 0xFF, 0xDC, 0xFF, 0xFF,
            0xFF, 0xCB, 0xFF, 0xFF, 0xFF, 0xC3, 0xFF, 0xFF, 0xFF, 0xC5, 0xFF, 0xFF, 0xFF, 0xC3, 0xFF, 0xFF,
            0xFF, 0xC1, 0xFF, 0xFF, 0xFF, 0xBE, 0xFF, 0xFF, 0xFF, 0xBC, 0xFF, 0xFF, 0xFF, 0xB9, 0xFF, 0xFF,
            0xFF, 0xB7, 0xFF, 0xFF, 0xFF, 0xB5, 0xFF, 0xFF, 0xFF, 0xB2, 0xFF, 0xFF, 0xFF, 0xAF, 0xFF, 0xFF,
            0xFF, 0xAD, 0xFF, 0xFF, 0xFF, 0xAA, 0xFF, 0xFF, 0xFF, 0xA7, 0xFF, 0xFF, 0xFF, 0xA5, 0xFF, 0xFF,
            0xFF, 0xA2, 0xFF, 0xFF, 0xFF, 0x9F, 0xFF, 0xFF, 0xFF, 0x99, 0xFF, 0xFF, 0xFF, 0x9B, 0xFF, 0xFF,
            0xFF, 0xA8, 0xFF, 0xFF, 0xFF, 0x25, 0x00, 0x00, 0x00, 0x00, 0xFF, 0xFF, 0xFF, 0x02, 0x00, 0x00,
            0x00, 0x00, 0x00, 0x00, 0x00, 0x00, 0x00, 0x00, 0x00, 0x00, 0x00, 0x00, 0x00, 0x00, 0x00, 0x00,
            0x00, 0x00, 0xFF, 0xFF, 0xFF, 0x02, 0x00, 0x00, 0x00, 0x00, 0xFF, 0xFF, 0xFF, 0x5A, 0xFF, 0xFF,
            0xFF, 0xDD, 0xFF, 0xFF, 0xFF, 0xDA, 0xFF, 0xFF, 0xFF, 0xC9, 0xFF, 0xFF, 0xFF, 0xC6, 0xFF, 0xFF,
            0xFF, 0xC4, 0xFF, 0xFF, 0xFF, 0xC2, 0xFF, 0xFF, 0xFF, 0xC0, 0xFF, 0xFF, 0xFF, 0xBD, 0xFF, 0xFF,
            0xFF, 0xBB, 0xFF, 0xFF, 0xFF, 0xB9, 0xFF, 0xFF, 0xFF, 0xB6, 0xFF, 0xFF, 0xFF, 0xB3, 0xFF, 0xFF,
            0xFF, 0xB0, 0xFF, 0xFF, 0xFF, 0xAE, 0xFF, 0xFF, 0xFF, 0xAB, 0xFF, 0xFF, 0xFF, 0xA8, 0xFF, 0xFF,
            0xFF, 0xA6, 0xFF, 0xFF, 0xFF, 0xA4, 0xFF, 0xFF, 0xFF, 0xAD, 0xFF, 0xFF, 0xFF, 0xAC, 0xFF, 0xFF,
            0xFF, 0x42, 0x00, 0x00, 0x00, 0x00, 0xFF, 0xFF, 0xFF, 0x02, 0x00, 0x00, 0x00, 0x00, 0x00, 0x00,
            0x00, 0x00, 0x00, 0x00, 0x00, 0x00, 0x00, 0x00, 0x00, 0x00, 0x00, 0x00, 0x00, 0x00, 0x00, 0x00,
            0x00, 0x00, 0x00, 0x00, 0x00, 0x00, 0xFF, 0xFF, 0xFF, 0x02, 0x00, 0x00, 0x00, 0x00, 0xFF, 0xFF,
            0xFF, 0x2D, 0xFF, 0xFF, 0xFF, 0x8E, 0xFF, 0xFF, 0xFF, 0xC6, 0xFF, 0xFF, 0xFF, 0xC6, 0xFF, 0xFF,
            0xFF, 0xC0, 0xFF, 0xFF, 0xFF, 0xBF, 0xFF, 0xFF, 0xFF, 0xBC, 0xFF, 0xFF, 0xFF, 0xBA, 0xFF, 0xFF,
            0xFF, 0xB8, 0xFF, 0xFF, 0xFF, 0xB5, 0xFF, 0xFF, 0xFF, 0xB3, 0xFF, 0xFF, 0xFF, 0xB1, 0xFF, 0xFF,
            0xFF, 0xAE, 0xFF, 0xFF, 0xFF, 0xAB, 0xFF, 0xFF, 0xFF, 0xA9, 0xFF, 0xFF, 0xFF, 0xA5, 0xFF, 0xFF,
            0xFF, 0xA6, 0xFF, 0xFF, 0xFF, 0xA1, 0xFF, 0xFF, 0xFF, 0x72, 0xFF, 0xFF, 0xFF, 0x23, 0x00, 0x00,
            0x00, 0x00, 0xFF, 0xFF, 0xFF, 0x02, 0x00, 0x00, 0x00, 0x00, 0x00, 0x00, 0x00, 0x00, 0x00, 0x00,
            0x00, 0x00, 0x00, 0x00, 0x00, 0x00, 0x00, 0x00, 0x00, 0x00, 0x00, 0x00, 0x00, 0x00, 0x00, 0x00,
            0x00, 0x00, 0x00, 0x00, 0x00, 0x00, 0xFF, 0xFF, 0xFF, 0x02, 0x00, 0x00, 0x00, 0x00, 0xFF, 0xFF,
            0xFF, 0x1B, 0xFF, 0xFF, 0xFF, 0x65, 0xFF, 0xFF, 0xFF, 0x93, 0xFF, 0xFF, 0xFF, 0x8B, 0xFF, 0xFF,
            0xFF, 0x82, 0xFF, 0xFF, 0xFF, 0x81, 0xFF, 0xFF, 0xFF, 0x7F, 0xFF, 0xFF, 0xFF, 0x7D, 0xFF, 0xFF,
            0xFF, 0x7B, 0xFF, 0xFF, 0xFF, 0x79, 0xFF, 0xFF, 0xFF, 0x77, 0xFF, 0xFF, 0xFF, 0x75, 0xFF, 0xFF,
            0xFF, 0x73, 0xFF, 0xFF, 0xFF, 0x71, 0xFF, 0xFF, 0xFF, 0x6F, 0xFF, 0xFF, 0xFF, 0x6C, 0xFF, 0xFF,
            0xFF, 0x6F, 0xFF, 0xFF, 0xFF, 0x6E, 0xFF, 0xFF, 0xFF, 0x47, 0xFF, 0xFF, 0xFF, 0x12, 0x00, 0x00,
            0x00, 0x00, 0xFF, 0xFF, 0xFF, 0x01, 0x00, 0x00, 0x00, 0x00, 0x00, 0x00, 0x00, 0x00, 0x00, 0x00,
            0x00, 0x00, 0x00, 0x00, 0x00, 0x00, 0x00, 0x00, 0x00, 0x00, 0x00, 0x00, 0x00, 0x00, 0x00, 0x00,
            0x00, 0x00, 0xFF, 0xFF, 0xFF, 0x02, 0x00, 0x00, 0x00, 0x00, 0xFF, 0xFF, 0xFF, 0x45, 0xFF, 0xFF,
            0xFF, 0xA8, 0xFF, 0xFF, 0xFF, 0x97, 0xFF, 0xFF, 0xFF, 0x84, 0xFF, 0xFF, 0xFF, 0x80, 0xFF, 0xFF,
            0xFF, 0x7F, 0xFF, 0xFF, 0xFF, 0x7D, 0xFF, 0xFF, 0xFF, 0x7B, 0xFF, 0xFF, 0xFF, 0x79, 0xFF, 0xFF,
            0xFF, 0x77, 0xFF, 0xFF, 0xFF, 0x75, 0xFF, 0xFF, 0xFF, 0x73, 0xFF, 0xFF, 0xFF, 0x71, 0xFF, 0xFF,
            0xFF, 0x6F, 0xFF, 0xFF, 0xFF, 0x6E, 0xFF, 0xFF, 0xFF, 0x6C, 0xFF, 0xFF, 0xFF, 0x6A, 0xFF, 0xFF,
            0xFF, 0x68, 0xFF, 0xFF, 0xFF, 0x67, 0xFF, 0xFF, 0xFF, 0x70, 0xFF, 0xFF, 0xFF, 0x73, 0xFF, 0xFF,
            0xFF, 0x2C, 0x00, 0x00, 0x00, 0x00, 0xFF, 0xFF, 0xFF, 0x01, 0x00, 0x00, 0x00, 0x00, 0x00, 0x00,
            0x00, 0x00, 0x00, 0x00, 0x00, 0x00, 0x00, 0x00, 0x00, 0x00, 0x00, 0x00, 0x00, 0x00, 0xFF, 0xFF,
            0xFF, 0x02, 0x00, 0x00, 0x00, 0x00, 0xFF, 0xFF, 0xFF, 0x2C, 0xFF, 0xFF, 0xFF, 0xAE, 0xFF, 0xFF,
            0xFF, 0x8A, 0xFF, 0xFF, 0xFF, 0x84, 0xFF, 0xFF, 0xFF, 0x87, 0xFF, 0xFF, 0xFF, 0x85, 0xFF, 0xFF,
            0xFF, 0x83, 0xFF, 0xFF, 0xFF, 0x81, 0xFF, 0xFF, 0xFF, 0x7F, 0xFF, 0xFF, 0xFF, 0x7D, 0xFF, 0xFF,
            0xFF, 0x7B, 0xFF, 0xFF, 0xFF, 0x79, 0xFF, 0xFF, 0xFF, 0x77, 0xFF, 0xFF, 0xFF, 0x75, 0xFF, 0xFF,
            0xFF, 0x73, 0xFF, 0xFF, 0xFF, 0x71, 0xFF, 0xFF, 0xFF, 0x6F, 0xFF, 0xFF, 0xFF, 0x6D, 0xFF, 0xFF,
            0xFF, 0x6B, 0xFF, 0xFF, 0xFF, 0x69, 0xFF, 0xFF, 0xFF, 0x64, 0xFF, 0xFF, 0xFF, 0x66, 0xFF, 0xFF,
            0xFF, 0x72, 0xFF, 0xFF, 0xFF, 0x1A, 0x00, 0x00, 0x00, 0x00, 0xFF, 0xFF, 0xFF, 0x01, 0x00, 0x00,
            0x00, 0x00, 0x00, 0x00, 0x00, 0x00, 0x00, 0x00, 0x00, 0x00, 0x00, 0x00, 0x00, 0x00, 0xFF, 0xFF,
            0xFF, 0x02, 0x00, 0x00, 0x00, 0x00, 0xFF, 0xFF, 0xFF, 0x83, 0xFF, 0xFF, 0xFF, 0xA0, 0xFF, 0xFF,
            0xFF, 0x87, 0xFF, 0xFF, 0xFF, 0x8B, 0xFF, 0xFF, 0xFF, 0x88, 0xFF, 0xFF, 0xFF, 0x86, 0xFF, 0xFF,
            0xFF, 0x84, 0xFF, 0xFF, 0xFF, 0x82, 0xFF, 0xFF, 0xFF, 0x80, 0xFF, 0xFF, 0xFF, 0x7E, 0xFF, 0xFF,
            0xFF, 0x7D, 0xFF, 0xFF, 0xFF, 0x7B, 0xFF, 0xFF, 0xFF, 0x79, 0xFF, 0xFF, 0xFF, 0x77, 0xFF, 0xFF,
            0xFF, 0x75, 0xFF, 0xFF, 0xFF, 0x73, 0xFF, 0xFF, 0xFF, 0x71, 0xFF, 0xFF, 0xFF, 0x6F, 0xFF, 0xFF,
            0xFF, 0x6D, 0xFF, 0xFF, 0xFF, 0x6B, 0xFF, 0xFF, 0xFF, 0x6A, 0xFF, 0xFF, 0xFF, 0x64, 0xFF, 0xFF,
            0xFF, 0x6E, 0xFF, 0xFF, 0xFF, 0x4F, 0x00, 0x00, 0x00, 0x00, 0xFF, 0xFF, 0xFF, 0x01, 0x00, 0x00,
            0x00, 0x00, 0x00, 0x00, 0x00, 0x00, 0x00, 0x00, 0x00, 0x00, 0xFF, 0xFF, 0xFF, 0x01, 0x00, 0x00,
            0x00, 0x00, 0xFF, 0xFF, 0xFF, 0x0B, 0xFF, 0xFF, 0xFF, 0xA6, 0xFF, 0xFF, 0xFF, 0x92, 0xFF, 0xFF,
            0xFF, 0x8D, 0xFF, 0xFF, 0xFF, 0x8C, 0xFF, 0xFF, 0xFF, 0x8A, 0xFF, 0xFF, 0xFF, 0x88, 0xFF, 0xFF,
            0xFF, 0x86, 0xFF, 0xFF, 0xFF, 0x84, 0xFF, 0xFF, 0xFF, 0x82, 0xFF, 0xFF, 0xFF, 0x80, 0xFF, 0xFF,
            0xFF, 0x7E, 0xFF, 0xFF, 0xFF, 0x7D, 0xFF, 0xFF, 0xFF, 0x7B, 0xFF, 0xFF, 0xFF, 0x79, 0xFF, 0xFF,
            0xFF, 0x77, 0xFF, 0xFF, 0xFF, 0x75, 0xFF, 0xFF, 0xFF, 0x73, 0xFF, 0xFF, 0xFF, 0x71, 0xFF, 0xFF,
            0xFF, 0x6F, 0xFF, 0xFF, 0xFF, 0x6D, 0xFF, 0xFF, 0xFF, 0x6B, 0xFF, 0xFF, 0xFF, 0x68, 0xFF, 0xFF,
            0xFF, 0x69, 0xFF, 0xFF, 0xFF, 0x64, 0xFF, 0xFF, 0xFF, 0x05, 0x00, 0x00, 0x00, 0x00, 0x00, 0x00,
            0x00, 0x00, 0x00, 0x00, 0x00, 0x00, 0x00, 0x00, 0x00, 0x00, 0xFF, 0xFF, 0xFF, 0x01, 0x00, 0x00,
            0x00, 0x00, 0xFF, 0xFF, 0xFF, 0x11, 0xFF, 0xFF, 0xFF, 0xAD, 0xFF, 0xFF, 0xFF, 0x92, 0xFF, 0xFF,
            0xFF, 0x90, 0xFF, 0xFF, 0xFF, 0x8E, 0xFF, 0xFF, 0xFF, 0x8C, 0xFF, 0xFF, 0xFF, 0x8A, 0xFF, 0xFF,
            0xFF, 0x88, 0xFF, 0xFF, 0xFF, 0x86, 0xFF, 0xFF, 0xFF, 0x84, 0xFF, 0xFF, 0xFF, 0x82, 0xFF, 0xFF,
            0xFF, 0x80, 0xFF, 0xFF, 0xFF, 0x7E, 0xFF, 0xFF, 0xFF, 0x7D, 0xFF, 0xFF, 0xFF, 0x7B, 0xFF, 0xFF,
            0xFF, 0x79, 0xFF, 0xFF, 0xFF, 0x77, 0xFF, 0xFF, 0xFF, 0x75, 0xFF, 0xFF, 0xFF, 0x73, 0xFF, 0xFF,
            0xFF, 0x71, 0xFF, 0xFF, 0xFF, 0x6F, 0xFF, 0xFF, 0xFF, 0x6D, 0xFF, 0xFF, 0xFF, 0x6B, 0xFF, 0xFF,
            0xFF, 0x6A, 0xFF, 0xFF, 0xFF, 0x69, 0xFF, 0xFF, 0xFF, 0x08, 0x00, 0x00, 0x00, 0x00, 0x00, 0x00,
            0x00, 0x00, 0x00, 0x00, 0x00, 0x00, 0x00, 0x00, 0x00, 0x00, 0xFF, 0xFF, 0xFF, 0x01, 0x00, 0x00,
            0x00, 0x00, 0xFF, 0xFF, 0xFF, 0x07, 0xFF, 0xFF, 0xFF, 0xA7, 0xFF, 0xFF, 0xFF, 0x99, 0xFF, 0xFF,
            0xFF, 0x91, 0xFF, 0xFF, 0xFF, 0x90, 0xFF, 0xFF, 0xFF, 0x8E, 0xFF, 0xFF, 0xFF, 0x8C, 0xFF, 0xFF,
            0xFF, 0x8A, 0xFF, 0xFF, 0xFF, 0x88, 0xFF, 0xFF, 0xFF, 0x86, 0xFF, 0xFF, 0xFF, 0x84, 0xFF, 0xFF,
            0xFF, 0x82, 0xFF, 0xFF, 0xFF, 0x80, 0xFF, 0xFF, 0xFF, 0x7E, 0xFF, 0xFF, 0xFF, 0x7D, 0xFF, 0xFF,
            0xFF, 0x7B, 0xFF, 0xFF, 0xFF, 0x79, 0xFF, 0xFF, 0xFF, 0x77, 0xFF, 0xFF, 0xFF, 0x75, 0xFF, 0xFF,
            0xFF, 0x73, 0xFF, 0xFF, 0xFF, 0x71, 0xFF, 0xFF, 0xFF, 0x6F, 0xFF, 0xFF, 0xFF, 0x6C, 0xFF, 0xFF,
            0xFF, 0x6F, 0xFF, 0xFF, 0xFF, 0x60, 0xFF, 0xFF, 0xFF, 0x02, 0x00, 0x00, 0x00, 0x00, 0x00, 0x00,
            0x00, 0x00, 0x00, 0x00, 0x00, 0x00, 0x00, 0x00, 0x00, 0x00, 0x00, 0x00, 0x00, 0x00, 0xFF, 0xFF,
            0xFF, 0x03, 0x00, 0x00, 0x00, 0x00, 0xFF, 0xFF, 0xFF, 0x77, 0xFF, 0xFF, 0xFF, 0xB5, 0xFF, 0xFF,
            0xFF, 0x8A, 0xFF, 0xFF, 0xFF, 0x94, 0xFF, 0xFF, 0xFF, 0x90, 0xFF, 0xFF, 0xFF, 0x8E, 0xFF, 0xFF,
            0xFF, 0x8D, 0xFF, 0xFF, 0xFF, 0x8B, 0xFF, 0xFF, 0xFF, 0x89, 0xFF, 0xFF, 0xFF, 0x87, 0xFF, 0xFF,
            0xFF, 0x85, 0xFF, 0xFF, 0xFF, 0x82, 0xFF, 0xFF, 0xFF, 0x80, 0xFF, 0xFF, 0xFF, 0x7E, 0xFF, 0xFF,
            0xFF, 0x7D, 0xFF, 0xFF, 0xFF, 0x7B, 0xFF, 0xFF, 0xFF, 0x79, 0xFF, 0xFF, 0xFF, 0x77, 0xFF, 0xFF,
            0xFF, 0x75, 0xFF, 0xFF, 0xFF, 0x73, 0xFF, 0xFF, 0xFF, 0x71, 0xFF, 0xFF, 0xFF, 0x6B, 0xFF, 0xFF,
            0xFF, 0x79, 0xFF, 0xFF, 0xFF, 0x3D, 0x00, 0x00, 0x00, 0x00, 0xFF, 0xFF, 0xFF, 0x02, 0x00, 0x00,
            0x00, 0x00, 0x00, 0x00, 0x00, 0x00, 0x00, 0x00, 0x00, 0x00, 0x00, 0x00, 0x00, 0x00, 0xFF, 0xFF,
            0xFF, 0x01, 0xFF, 0xFF, 0xFF, 0x01, 0xFF, 0xFF, 0xFF, 0x16, 0xFF, 0xFF, 0xFF, 0xB4, 0xFF, 0xFF,
            0xFF, 0xA9, 0xFF, 0xFF, 0xFF, 0x8B, 0xFF, 0xFF, 0xFF, 0x8D, 0xFF, 0xFF, 0xFF, 0x8C, 0xFF, 0xFF,
            0xFF, 0x8A, 0xFF, 0xFF, 0xFF, 0x89, 0xFF, 0xFF, 0xFF, 0x87, 0xFF, 0xFF, 0xFF, 0x85, 0xFF, 0xFF,
            0xFF, 0x83, 0xFF, 0xFF, 0xFF, 0x81, 0xFF, 0xFF, 0xFF, 0x7F, 0xFF, 0xFF, 0xFF, 0x7D, 0xFF, 0xFF,
            0xFF, 0x7C, 0xFF, 0xFF, 0xFF, 0x7A, 0xFF, 0xFF, 0xFF, 0x78, 0xFF, 0xFF, 0xFF, 0x76, 0xFF, 0xFF,
            0xFF, 0x74, 0xFF, 0xFF, 0xFF, 0x72, 0xFF, 0xFF, 0xFF, 0x70, 0xFF, 0xFF, 0xFF, 0x79, 0xFF, 0xFF,
            0xFF, 0x63, 0xFF, 0xFF, 0xFF, 0x09, 0xFF, 0xFF, 0xFF, 0x01, 0x00, 0x00, 0x00, 0x00, 0x00, 0x00,
            0x00, 0x00, 0x00, 0x00, 0x00, 0x00, 0x00, 0x00, 0x00, 0x00, 0x00, 0x00, 0x00, 0x00, 0x00, 0x00,
            0x00, 0x00, 0xFF, 0xFF, 0xFF, 0x01, 0x00, 0x00, 0x00, 0x00, 0xFF, 0xFF, 0xFF, 0x26, 0xFF, 0xFF,
            0xFF, 0xAB, 0xFF, 0xFF, 0xFF, 0xBB, 0xFF, 0xFF, 0xFF, 0xA8, 0xFF, 0xFF, 0xFF, 0xA3, 0xFF, 0xFF,
            0xFF, 0xA0, 0xFF, 0xFF, 0xFF, 0x9E, 0xFF, 0xFF, 0xFF, 0x9C, 0xFF, 0xFF, 0xFF, 0x99, 0xFF, 0xFF,
            0xFF, 0x97, 0xFF, 0xFF, 0xFF, 0x94, 0xFF, 0xFF, 0xFF, 0x92, 0xFF, 0xFF, 0xFF, 0x8F, 0xFF, 0xFF,
            0xFF, 0x8D, 0xFF, 0xFF, 0xFF, 0x8A, 0xFF, 0xFF, 0xFF, 0x88, 0xFF, 0xFF, 0xFF, 0x85, 0xFF, 0xFF,
            0xFF, 0x83, 0xFF, 0xFF, 0xFF, 0x81, 0xFF, 0xFF, 0xFF, 0x7F, 0xFF, 0xFF, 0xFF, 0x5C, 0xFF, 0xFF,
            0xFF, 0x10, 0x00, 0x00, 0x00, 0x00, 0xFF, 0xFF, 0xFF, 0x01, 0x00, 0x00, 0x00, 0x00, 0x00, 0x00,
            0x00, 0x00, 0x00, 0x00, 0x00, 0x00, 0x00, 0x00, 0x00, 0x00, 0x00, 0x00, 0x00, 0x00, 0x00, 0x00,
            0x00, 0x00, 0x00, 0x00, 0x00, 0x00, 0xFF, 0xFF, 0xFF, 0x02, 0x00, 0x00, 0x00, 0x00, 0xFF, 0xFF,
            0xFF, 0x07, 0xFF, 0xFF, 0xFF, 0x51, 0xFF, 0xFF, 0xFF, 0x7F, 0xFF, 0xFF, 0xFF, 0x84, 0xFF, 0xFF,
            0xFF, 0x81, 0xFF, 0xFF, 0xFF, 0x7E, 0xFF, 0xFF, 0xFF, 0x7C, 0xFF, 0xFF, 0xFF, 0x79, 0xFF, 0xFF,
            0xFF, 0x76, 0xFF, 0xFF, 0xFF, 0x73, 0xFF, 0xFF, 0xFF, 0x6F, 0xFF, 0xFF, 0xFF, 0x6C, 0xFF, 0xFF,
            0xFF, 0x69, 0xFF, 0xFF, 0xFF, 0x65, 0xFF, 0xFF, 0xFF, 0x61, 0xFF, 0xFF, 0xFF, 0x5E, 0xFF, 0xFF,
            0xFF, 0x5B, 0xFF, 0xFF, 0xFF, 0x4F, 0xFF, 0xFF, 0xFF, 0x2B, 0xFF, 0xFF, 0xFF, 0x01, 0x00, 0x00,
            0x00, 0x00, 0xFF, 0xFF, 0xFF, 0x01, 0x00, 0x00, 0x00, 0x00, 0x00, 0x00, 0x00, 0x00, 0x00, 0x00,
            0x00, 0x00, 0x00, 0x00, 0x00, 0x00, 0x00, 0x00, 0x00, 0x00, 0x00, 0x00, 0x00, 0x00, 0x00, 0x00,
            0x00, 0x00, 0x00, 0x00, 0x00, 0x00, 0x00, 0x00, 0x00, 0x00, 0xFF, 0xFF, 0xFF, 0x02, 0x00, 0x00,
            0x00, 0x00, 0x00, 0x00, 0x00, 0x00, 0x00, 0x00, 0x00, 0x00, 0x00, 0x00, 0x00, 0x00, 0x00, 0x00,
            0x00, 0x00, 0x00, 0x00, 0x00, 0x00, 0x00, 0x00, 0x00, 0x00, 0x00, 0x00, 0x00, 0x00, 0x00, 0x00,
            0x00, 0x00, 0x00, 0x00, 0x00, 0x00, 0x00, 0x00, 0x00, 0x00, 0x00, 0x00, 0x00, 0x00, 0x00, 0x00,
            0x00, 0x00, 0x00, 0x00, 0x00, 0x00, 0x00, 0x00, 0x00, 0x00, 0x00, 0x00, 0x00, 0x00, 0x00, 0x00,
            0x00, 0x00, 0x00, 0x00, 0x00, 0x00, 0x00, 0x00, 0x00, 0x00, 0x00, 0x00, 0x00, 0x00, 0xFF, 0xFF,
            0xFF, 0x01, 0x00, 0x00, 0x00, 0x00, 0x00, 0x00, 0x00, 0x00, 0x00, 0x00, 0x00, 0x00, 0x00, 0x00,
            0x00, 0x00, 0x00, 0x00, 0x00, 0x00, 0x00, 0x00, 0x00, 0x00, 0x00, 0x00, 0x00, 0x00, 0x00, 0x00,
            0x00, 0x00, 0x00, 0x00, 0x00, 0x00, 0x00, 0x00, 0x00, 0x00, 0x00, 0x00, 0x00, 0x00, 0xFF, 0xFF,
            0xFF, 0x01, 0xFF, 0xFF, 0xFF, 0x03, 0xFF, 0xFF, 0xFF, 0x03, 0xFF, 0xFF, 0xFF, 0x03, 0xFF, 0xFF,
            0xFF, 0x03, 0xFF, 0xFF, 0xFF, 0x03, 0xFF, 0xFF, 0xFF, 0x03, 0xFF, 0xFF, 0xFF, 0x03, 0xFF, 0xFF,
            0xFF, 0x02, 0xFF, 0xFF, 0xFF, 0x02, 0xFF, 0xFF, 0xFF, 0x02, 0xFF, 0xFF, 0xFF, 0x02, 0xFF, 0xFF,
            0xFF, 0x02, 0xFF, 0xFF, 0xFF, 0x02, 0xFF, 0xFF, 0xFF, 0x02, 0xFF, 0xFF, 0xFF, 0x02, 0xFF, 0xFF,
            0xFF, 0x02, 0xFF, 0xFF, 0xFF, 0x02, 0xFF, 0xFF, 0xFF, 0x02, 0x00, 0x00, 0x00, 0x00, 0x00, 0x00,
            0x00, 0x00, 0x00, 0x00, 0x00, 0x00, 0x00, 0x00, 0x00, 0x00, 0x00, 0x00, 0x00, 0x00, 0x00, 0x00,
            0x00, 0x00, 0x00, 0x00, 0x00, 0x00, 0x00, 0x00, 0x00, 0x00, 0x00, 0x00, 0x00, 0x00, 0x00, 0x00,
            0x00, 0x00, 0x00, 0x00, 0x00, 0x00, 0x00, 0x00, 0x00, 0x00, 0x00, 0x00, 0x00, 0x00, 0x00, 0x00,
            0x00, 0x00, 0x00, 0x00, 0x00, 0x00, 0x00, 0x00, 0x00, 0x00, 0x00, 0x00, 0x00, 0x00, 0x00, 0x00,
            0x00, 0x00, 0x00, 0x00, 0x00, 0x00, 0x00, 0x00, 0x00, 0x00, 0x00, 0x00, 0x00, 0x00, 0x00, 0x00,
            0x00, 0x00, 0x00, 0x00, 0x00, 0x00, 0x00, 0x00, 0x00, 0x00, 0x00, 0x00, 0x00, 0x00, 0x00, 0x00,
            0x00, 0x00, 0x00, 0x00, 0x00, 0x00, 0x00, 0x00, 0x00, 0x00, 0x00, 0x00, 0x00, 0x00, 0x00, 0x00,
            0x00, 0x00, 0x00, 0x00, 0x00, 0x00, 0x00, 0x00, 0x00, 0x00, 0x00, 0x00, 0x00, 0x00, 0x00, 0x00,
            0x00, 0x00, 0x00, 0x00, 0x00, 0x00, 0x00, 0x00, 0x00, 0x00, 0x00, 0x00, 0x00, 0x00, 0x00, 0x00,
            0x00, 0x00, 0x00, 0x00, 0x00, 0x00, 0x00, 0x00, 0x00, 0x00, 0x00, 0x00, 0x00, 0x00, 0x00, 0x00,
            0x00, 0x00, 0x00, 0x00, 0x00, 0x00, 0x00, 0x00, 0x00, 0x00, 0x00, 0x00, 0x00, 0x00, 0x00, 0x00,
            0x00, 0x00, 0x00, 0x00, 0x00, 0x00, 0x00, 0x00, 0x00, 0x00, 0x00, 0x00, 0x00, 0x00, 0x00, 0x00,
            0x00, 0x00, 0x00, 0x00, 0x00, 0x00, 0x00, 0x00, 0x00, 0x00, 0x00, 0x00, 0x00, 0x00, 0x00, 0x00,
            0x00, 0x00, 0x00, 0x00, 0x00, 0x00, 0x00, 0x00, 0x00, 0x00, 0x00, 0x00, 0x00, 0x00, 0x00, 0x00,
            0x00, 0x00, 0x00, 0x00, 0x00, 0x00, 0x00, 0x00, 0x00, 0x00, 0x00, 0x00, 0x00, 0x00, 0x00, 0x00,
            0x00, 0x00, 0x00, 0x00, 0x00, 0x00, 0x00, 0x00, 0x00, 0x00, 0x00, 0x00, 0x00, 0x00, 0x00, 0x00,
            0x00, 0x00, 0x00, 0x00, 0x00, 0x00, 0x00, 0x00, 0x00, 0x00, 0x00, 0x00, 0x00, 0x00, 0x00, 0x00,
            0x00, 0x00, 0x00, 0x00, 0x00, 0x00, 0x00, 0x00, 0x00, 0x00, 0x00, 0x00, 0x00, 0x00, 0x00, 0x00,
            0x00, 0x00, 0x00, 0x00, 0x00, 0x00, 0x00, 0x00, 0x00, 0x00, 0x00, 0x00, 0x00, 0x00, 0x00, 0x00,
            0x00, 0x00, 0x00, 0x00, 0x00, 0x00, 0x00, 0x00, 0x00, 0x00, 0x00, 0x00, 0x00, 0x00, 0x00, 0x00,
            0x00, 0x00, 0x00, 0x00, 0x00, 0x00, 0x00, 0x00, 0x00, 0x00, 0x00, 0x00, 0x00, 0x00, 0x00, 0x00,
            0x00, 0x00, 0x00, 0x00, 0x00, 0x00, 0x00, 0x00, 0x00, 0x00, 0x00, 0x00, 0x00, 0x00, 0x00, 0x00,
            0x00, 0x00, 0x00, 0x00, 0x00, 0x00, 0x00, 0x00, 0x00, 0x00, 0x00, 0x00, 0x00, 0x00, 0x00, 0x00,
            0x00, 0x00, 0x00, 0x00, 0x00, 0x00, 0x00, 0x00, 0x00, 0x00, 0x00, 0x00, 0x00, 0x00, 0x00, 0x00,
            0x00, 0x00, 0x00, 0x00, 0x00, 0x00, 0x00, 0x00, 0x00, 0x00, 0x00, 0x00, 0x00, 0x00, 0x00, 0x00,
            0x00, 0x00, 0x00, 0x00, 0x00, 0x00
        };


        private static readonly byte[] SettingsBmp =
        {
            0x42, 0x4D, 0x36, 0x10, 0x00, 0x00, 0x00, 0x00, 0x00, 0x00, 0x36, 0x00, 0x00, 0x00, 0x28, 0x00,
            0x00, 0x00, 0x20, 0x00, 0x00, 0x00, 0x20, 0x00, 0x00, 0x00, 0x01, 0x00, 0x20, 0x00, 0x00, 0x00,
            0x00, 0x00, 0x00, 0x10, 0x00, 0x00, 0x00, 0x00, 0x00, 0x00, 0x00, 0x00, 0x00, 0x00, 0x00, 0x00,
            0x00, 0x00, 0x00, 0x00, 0x00, 0x00, 0x00, 0x00, 0x00, 0x00, 0x00, 0x00, 0x00, 0x00, 0x00, 0x00,
            0x00, 0x00, 0x00, 0x00, 0x00, 0x00, 0x00, 0x00, 0x00, 0x00, 0x00, 0x00, 0x00, 0x00, 0x00, 0x00,
            0x00, 0x00, 0x00, 0x00, 0x00, 0x00, 0x00, 0x00, 0x00, 0x00, 0x00, 0x00, 0x00, 0x00, 0x00, 0x00,
            0x00, 0x00, 0x00, 0x00, 0x00, 0x00, 0x00, 0x00, 0x00, 0x00, 0xFF, 0xFF, 0xFF, 0x01, 0xFF, 0xFF,
            0xFF, 0x02, 0xFF, 0xFF, 0xFF, 0x02, 0xFF, 0xFF, 0xFF, 0x02, 0xFF, 0xFF, 0xFF, 0x02, 0xFF, 0xFF,
            0xFF, 0x01, 0x00, 0x00, 0x00, 0x00, 0x00, 0x00, 0x00, 0x00, 0x00, 0x00, 0x00, 0x00, 0x00, 0x00,
            0x00, 0x00, 0x00, 0x00, 0x00, 0x00, 0x00, 0x00, 0x00, 0x00, 0x00, 0x00, 0x00, 0x00, 0x00, 0x00,
            0x00, 0x00, 0x00, 0x00, 0x00, 0x00, 0x00, 0x00, 0x00, 0x00, 0x00, 0x00, 0x00, 0x00, 0x00, 0x00,
            0x00, 0x00, 0x00, 0x00, 0x00, 0x00, 0x00, 0x00, 0x00, 0x00, 0x00, 0x00, 0x00, 0x00, 0x00, 0x00,
            0x00, 0x00, 0x00, 0x00, 0x00, 0x00, 0x00, 0x00, 0x00, 0x00, 0x00, 0x00, 0x00, 0x00, 0x00, 0x00,
            0x00, 0x00, 0x00, 0x00, 0x00, 0x00, 0x00, 0x00, 0x00, 0x00, 0x00, 0x00, 0x00, 0x00, 0x00, 0x00,
            0x00, 0x00, 0x00, 0x00, 0x00, 0x00, 0xFF, 0xFF, 0xFF, 0x01, 0x00, 0x00, 0x00, 0x00, 0x00, 0x00,
            0x00, 0x00, 0x00, 0x00, 0x00, 0x00, 0x00, 0x00, 0x00, 0x00, 0x00, 0x00, 0x00, 0x00, 0x00, 0x00,
            0x00, 0x00, 0xFF, 0xFF, 0xFF, 0x01, 0x00, 0x00, 0x00, 0x00, 0x00, 0x00, 0x00, 0x00, 0x00, 0x00,
            0x00, 0x00, 0x00, 0x00, 0x00, 0x00, 0x00, 0x00, 0x00, 0x00, 0x00, 0x00, 0x00, 0x00, 0x00, 0x00,
            0x00, 0x00, 0x00, 0x00, 0x00, 0x00, 0x00, 0x00, 0x00, 0x00, 0x00, 0x00, 0x00, 0x00, 0x00, 0x00,
            0x00, 0x00, 0x00, 0x00, 0x00, 0x00, 0x00, 0x00, 0x00, 0x00, 0x00, 0x00, 0x00, 0x00, 0x00, 0x00,
            0x00, 0x00, 0x00, 0x00, 0x00, 0x00, 0x00, 0x00, 0x00, 0x00, 0x00, 0x00, 0x00, 0x00, 0x00, 0x00,
            0x00, 0x00, 0x00, 0x00, 0x00, 0x00, 0x00, 0x00, 0x00, 0x00, 0x00, 0x00, 0x00, 0x00, 0x00, 0x00,
            0x00, 0x00, 0x00, 0x00, 0x00, 0x00, 0x00, 0x00, 0x00, 0x00, 0xFF, 0xFF, 0xFF, 0x0D, 0xFF, 0xFF,
            0xFF, 0x23, 0xFF, 0xFF, 0xFF, 0x2A, 0xFF, 0xFF, 0xFF, 0x2A, 0xFF, 0xFF, 0xFF, 0x25, 0xFF, 0xFF,
            0xFF, 0x0E, 0x00, 0x00, 0x00, 0x00, 0x00, 0x00, 0x00, 0x00, 0x00, 0x00, 0x00, 0x00, 0x00, 0x00,
            0x00, 0x00, 0x00, 0x00, 0x00, 0x00, 0x00, 0x00, 0x00, 0x00, 0x00, 0x00, 0x00, 0x00, 0x00, 0x00,
            0x00, 0x00, 0x00, 0x00, 0x00, 0x00, 0x00, 0x00, 0x00, 0x00, 0x00, 0x00, 0x00, 0x00, 0x00, 0x00,
            0x00, 0x00, 0x00, 0x00, 0x00, 0x00, 0x00, 0x00, 0x00, 0x00, 0x00, 0x00, 0x00, 0x00, 0x00, 0x00,
            0x00, 0x00, 0x00, 0x00, 0x00, 0x00, 0x00, 0x00, 0x00, 0x00, 0x00, 0x00, 0x00, 0x00, 0x00, 0x00,
            0x00, 0x00, 0x00, 0x00, 0x00, 0x00, 0x00, 0x00, 0x00, 0x00, 0x00, 0x00, 0x00, 0x00, 0xFF, 0xFF,
            0xFF, 0x01, 0xFF, 0xFF, 0xFF, 0x01, 0xFF, 0xFF, 0xFF, 0x23, 0xFF, 0xFF, 0xFF, 0x6D, 0xFF, 0xFF,
            0xFF, 0x6D, 0xFF, 0xFF, 0xFF, 0x6D, 0xFF, 0xFF, 0xFF, 0x6D, 0xFF, 0xFF, 0xFF, 0x6B, 0xFF, 0xFF,
            0xFF, 0x6E, 0xFF, 0xFF, 0xFF, 0x26, 0xFF, 0xFF, 0xFF, 0x01, 0xFF, 0xFF, 0xFF, 0x01, 0x00, 0x00,
            0x00, 0x00, 0x00, 0x00, 0x00, 0x00, 0x00, 0x00, 0x00, 0x00, 0x00, 0x00, 0x00, 0x00, 0x00, 0x00,
            0x00, 0x00, 0x00, 0x00, 0x00, 0x00, 0x00, 0x00, 0x00, 0x00, 0x00, 0x00, 0x00, 0x00, 0x00, 0x00,
            0x00, 0x00, 0x00, 0x00, 0x00, 0x00, 0x00, 0x00, 0x00, 0x00, 0x00, 0x00, 0x00, 0x00, 0x00, 0x00,
            0x00, 0x00, 0x00, 0x00, 0x00, 0x00, 0x00, 0x00, 0x00, 0x00, 0x00, 0x00, 0x00, 0x00, 0xFF, 0xFF,
            0xFF, 0x01, 0xFF, 0xFF, 0xFF, 0x01, 0x00, 0x00, 0x00, 0x00, 0x00, 0x00, 0x00, 0x00, 0xFF, 0xFF,
            0xFF, 0x02, 0x00, 0x00, 0x00, 0x00, 0xFF, 0xFF, 0xFF, 0x57, 0xFF, 0xFF, 0xFF, 0x6A, 0xFF, 0xFF,
            0xFF, 0x59, 0xFF, 0xFF, 0xFF, 0x59, 0xFF, 0xFF, 0xFF, 0x57, 0xFF, 0xFF, 0xFF, 0x52, 0xFF, 0xFF,
            0xFF, 0x60, 0xFF, 0xFF, 0xFF, 0x5C, 0x00, 0x00, 0x00, 0x00, 0xFF, 0xFF, 0xFF, 0x02, 0x00, 0x00,
            0x00, 0x00, 0x00, 0x00, 0x00, 0x00, 0xFF, 0xFF, 0xFF, 0x01, 0xFF, 0xFF, 0xFF, 0x01, 0x00, 0x00,
            0x00, 0x00, 0x00, 0x00, 0x00, 0x00, 0x00, 0x00, 0x00, 0x00, 0x00, 0x00, 0x00, 0x00, 0x00, 0x00,
            0x00, 0x00, 0x00, 0x00, 0x00, 0x00, 0x00, 0x00, 0x00, 0x00, 0x00, 0x00, 0x00, 0x00, 0x00, 0x00,
            0x00, 0x00, 0x00, 0x00, 0x00, 0x00, 0x00, 0x00, 0x00, 0x00, 0xFF, 0xFF, 0xFF, 0x01, 0x00, 0x00,
            0x00, 0x00, 0x00, 0x00, 0x00, 0x00, 0x00, 0x00, 0x00, 0x00, 0xFF, 0xFF, 0xFF, 0x01, 0x00, 0x00,
            0x00, 0x00, 0xFF, 0xFF, 0xFF, 0x15, 0xFF, 0xFF, 0xFF, 0x6E, 0xFF, 0xFF, 0xFF, 0x61, 0xFF, 0xFF,
            0xFF, 0x61, 0xFF, 0xFF, 0xFF, 0x5F, 0xFF, 0xFF, 0xFF, 0x5D, 0xFF, 0xFF, 0xFF, 0x5B, 0xFF, 0xFF,
            0xFF, 0x56, 0xFF, 0xFF, 0xFF, 0x6D, 0xFF, 0xFF, 0xFF, 0x19, 0x00, 0x00, 0x00, 0x00, 0x00, 0x00,
            0x00, 0x00, 0x00, 0x00, 0x00, 0x00, 0x00, 0x00, 0x00, 0x00, 0x00, 0x00, 0x00, 0x00, 0xFF, 0xFF,
            0xFF, 0x01, 0x00, 0x00, 0x00, 0x00, 0x00, 0x00, 0x00, 0x00, 0x00, 0x00, 0x00, 0x00, 0x00, 0x00,
            0x00, 0x00, 0x00, 0x00, 0x00, 0x00, 0x00, 0x00, 0x00, 0x00, 0x00, 0x00, 0x00, 0x00, 0x00, 0x00,
            0x00, 0x00, 0x00, 0x00, 0x00, 0x00, 0xFF, 0xFF, 0xFF, 0x01, 0x00, 0x00, 0x00, 0x00, 0xFF, 0xFF,
            0xFF, 0x08, 0xFF, 0xFF, 0xFF, 0x10, 0xFF, 0xFF, 0xFF, 0x01, 0xFF, 0xFF, 0xFF, 0x02, 0xFF, 0xFF,
            0xFF, 0x1B, 0xFF, 0xFF, 0xFF, 0x63, 0xFF, 0xFF, 0xFF, 0x6D, 0xFF, 0xFF, 0xFF, 0x64, 0xFF, 0xFF,
            0xFF, 0x62, 0xFF, 0xFF, 0xFF, 0x5F, 0xFF, 0xFF, 0xFF, 0x5D, 0xFF, 0xFF, 0xFF, 0x5C, 0xFF, 0xFF,
            0xFF, 0x5A, 0xFF, 0xFF, 0xFF, 0x61, 0xFF, 0xFF, 0xFF, 0x66, 0xFF, 0xFF, 0xFF, 0x20, 0xFF, 0xFF,
            0xFF, 0x04, 0xFF, 0xFF, 0xFF, 0x04, 0xFF, 0xFF, 0xFF, 0x16, 0xFF, 0xFF, 0xFF, 0x0C, 0x00, 0x00,
            0x00, 0x00, 0xFF, 0xFF, 0xFF, 0x01, 0x00, 0x00, 0x00, 0x00, 0x00, 0x00, 0x00, 0x00, 0x00, 0x00,
            0x00, 0x00, 0x00, 0x00, 0x00, 0x00, 0x00, 0x00, 0x00, 0x00, 0x00, 0x00, 0x00, 0x00, 0x00, 0x00,
            0x00, 0x00, 0xFF, 0xFF, 0xFF, 0x01, 0x00, 0x00, 0x00, 0x00, 0xFF, 0xFF, 0xFF, 0x20, 0xFF, 0xFF,
            0xFF, 0x6F, 0xFF, 0xFF, 0xFF, 0x70, 0xFF, 0xFF, 0xFF, 0x5E, 0xFF, 0xFF, 0xFF, 0x5E, 0xFF, 0xFF,
            0xFF, 0x72, 0xFF, 0xFF, 0xFF, 0x70, 0xFF, 0xFF, 0xFF, 0x64, 0xFF, 0xFF, 0xFF, 0x62, 0xFF, 0xFF,
            0xFF, 0x65, 0xFF, 0xFF, 0xFF, 0x67, 0xFF, 0xFF, 0xFF, 0x65, 0xFF, 0xFF, 0xFF, 0x5E, 0xFF, 0xFF,
            0xFF, 0x57, 0xFF, 0xFF, 0xFF, 0x55, 0xFF, 0xFF, 0xFF, 0x60, 0xFF, 0xFF, 0xFF, 0x6D, 0xFF, 0xFF,
            0xFF, 0x60, 0xFF, 0xFF, 0xFF, 0x60, 0xFF, 0xFF, 0xFF, 0x69, 0xFF, 0xFF, 0xFF, 0x6D, 0xFF, 0xFF,
            0xFF, 0x25, 0x00, 0x00, 0x00, 0x00, 0xFF, 0xFF, 0xFF, 0x01, 0x00, 0x00, 0x00, 0x00, 0x00, 0x00,
            0x00, 0x00, 0x00, 0x00, 0x00, 0x00, 0x00, 0x00, 0x00, 0x00, 0x00, 0x00, 0x00, 0x00, 0xFF, 0xFF,
            0xFF, 0x01, 0xFF, 0xFF, 0xFF, 0x01, 0xFF, 0xFF, 0xFF, 0x0E, 0xFF, 0xFF, 0xFF, 0x79, 0xFF, 0xFF,
            0xFF, 0x7D, 0xFF, 0xFF, 0xFF, 0x74, 0xFF, 0xFF, 0xFF, 0x77, 0xFF, 0xFF, 0xFF, 0x75, 0xFF, 0xFF,
            0xFF, 0x6D, 0xFF, 0xFF, 0xFF, 0x67, 0xFF, 0xFF, 0xFF, 0x7B, 0xFF, 0xFF, 0xFF, 0x92, 0xFF, 0xFF,
            0xFF, 0x9F, 0xFF, 0xFF, 0xFF, 0xA8, 0xFF, 0xFF, 0xFF, 0xA9, 0xFF, 0xFF, 0xFF, 0xA2, 0xFF, 0xFF,
            0xFF, 0x90, 0xFF, 0xFF, 0xFF, 0x6F, 0xFF, 0xFF, 0xFF, 0x54, 0xFF, 0xFF, 0xFF, 0x55, 0xFF, 0xFF,
            0xFF, 0x5B, 0xFF, 0xFF, 0xFF, 0x58, 0xFF, 0xFF, 0xFF, 0x4E, 0xFF, 0xFF, 0xFF, 0x55, 0xFF, 0xFF,
            0xFF, 0x6D, 0xFF, 0xFF, 0xFF, 0x0F, 0xFF, 0xFF, 0xFF, 0x01, 0xFF, 0xFF, 0xFF, 0x01, 0x00, 0x00,
            0x00, 0x00, 0x00, 0x00, 0x00, 0x00, 0x00, 0x00, 0x00, 0x00, 0x00, 0x00, 0x00, 0x00, 0xFF, 0xFF,
            0xFF, 0x01, 0x00, 0x00, 0x00, 0x00, 0xFF, 0xFF, 0xFF, 0x59, 0xFF, 0xFF, 0xFF, 0x89, 0xFF, 0xFF,
            0xFF, 0x75, 0xFF, 0xFF, 0xFF, 0x77, 0xFF, 0xFF, 0xFF, 0x74, 0xFF, 0xFF, 0xFF, 0x71, 0xFF, 0xFF,
            0xFF, 0x71, 0xFF, 0xFF, 0xFF, 0x9F, 0xFF, 0xFF, 0xFF, 0xBE, 0xFF, 0xFF, 0xFF, 0xBA, 0xFF, 0xFF,
            0xFF, 0xB0, 0xFF, 0xFF, 0xFF, 0xAD, 0xFF, 0xFF, 0xFF, 0xAF, 0xFF, 0xFF, 0xFF, 0xB3, 0xFF, 0xFF,
            0xFF, 0xB7, 0xFF, 0xFF, 0xFF, 0xB5, 0xFF, 0xFF, 0xFF, 0x8F, 0xFF, 0xFF, 0xFF, 0x5B, 0xFF, 0xFF,
            0xFF, 0x56, 0xFF, 0xFF, 0xFF, 0x56, 0xFF, 0xFF, 0xFF, 0x55, 0xFF, 0xFF, 0xFF, 0x4D, 0xFF, 0xFF,
            0xFF, 0x62, 0xFF, 0xFF, 0xFF, 0x50, 0x00, 0x00, 0x00, 0x00, 0xFF, 0xFF, 0xFF, 0x01, 0x00, 0x00,
            0x00, 0x00, 0x00, 0x00, 0x00, 0x00, 0x00, 0x00, 0x00, 0x00, 0xFF, 0xFF, 0xFF, 0x01, 0x00, 0x00,
            0x00, 0x00, 0xFF, 0xFF, 0xFF, 0x1B, 0xFF, 0xFF, 0xFF, 0x8E, 0xFF, 0xFF, 0xFF, 0x7B, 0xFF, 0xFF,
            0xFF, 0x7B, 0xFF, 0xFF, 0xFF, 0x79, 0xFF, 0xFF, 0xFF, 0x77, 0xFF, 0xFF, 0xFF, 0x75, 0xFF, 0xFF,
            0xFF, 0xB8, 0xFF, 0xFF, 0xFF, 0xD5, 0xFF, 0xFF, 0xFF, 0xC0, 0xFF, 0xFF, 0xFF, 0xBA, 0xFF, 0xFF,
            0xFF, 0xB4, 0xFF, 0xFF, 0xFF, 0xAF, 0xFF, 0xFF, 0xFF, 0xAD, 0xFF, 0xFF, 0xFF, 0xAD, 0xFF, 0xFF,
            0xFF, 0xAE, 0xFF, 0xFF, 0xFF, 0xAF, 0xFF, 0xFF, 0xFF, 0xBE, 0xFF, 0xFF, 0xFF, 0x9E, 0xFF, 0xFF,
            0xFF, 0x5A, 0xFF, 0xFF, 0xFF, 0x58, 0xFF, 0xFF, 0xFF, 0x57, 0xFF, 0xFF, 0xFF, 0x55, 0xFF, 0xFF,
            0xFF, 0x4F, 0xFF, 0xFF, 0xFF, 0x6D, 0xFF, 0xFF, 0xFF, 0x18, 0x00, 0x00, 0x00, 0x00, 0xFF, 0xFF,
            0xFF, 0x01, 0x00, 0x00, 0x00, 0x00, 0x00, 0x00, 0x00, 0x00, 0xFF, 0xFF, 0xFF, 0x02, 0x00, 0x00,
            0x00, 0x00, 0xFF, 0xFF, 0xFF, 0x57, 0xFF, 0xFF, 0xFF, 0x90, 0xFF, 0xFF, 0xFF, 0x7B, 0xFF, 0xFF,
            0xFF, 0x7D, 0xFF, 0xFF, 0xFF, 0x7B, 0xFF, 0xFF, 0xFF, 0x7A, 0xFF, 0xFF, 0xFF, 0x78, 0xFF, 0xFF,
            0xFF, 0x93, 0xFF, 0xFF, 0xFF, 0xBE, 0xFF, 0xFF, 0xFF, 0xCF, 0xFF, 0xFF, 0xFF, 0xC6, 0xFF, 0xFF,
            0xFF, 0xC0, 0xFF, 0xFF, 0xFF, 0xB2, 0xFF, 0xFF, 0xFF, 0xAB, 0xFF, 0xFF, 0xFF, 0xAF, 0xFF, 0xFF,
            0xFF, 0xB1, 0xFF, 0xFF, 0xFF, 0xB4, 0xFF, 0xFF, 0xFF, 0xA3, 0xFF, 0xFF, 0xFF, 0x7B, 0xFF, 0xFF,
            0xFF, 0x5D, 0xFF, 0xFF, 0xFF, 0x5B, 0xFF, 0xFF, 0xFF, 0x58, 0xFF, 0xFF, 0xFF, 0x57, 0xFF, 0xFF,
            0xFF, 0x50, 0xFF, 0xFF, 0xFF, 0x63, 0xFF, 0xFF, 0xFF, 0x44, 0x00, 0x00, 0x00, 0x00, 0xFF, 0xFF,
            0xFF, 0x02, 0x00, 0x00, 0x00, 0x00, 0x00, 0x00, 0x00, 0x00, 0xFF, 0xFF, 0xFF, 0x02, 0x00, 0x00,
            0x00, 0x00, 0xFF, 0xFF, 0xFF, 0x51, 0xFF, 0xFF, 0xFF, 0x9B, 0xFF, 0xFF, 0xFF, 0x7C, 0xFF, 0xFF,
            0xFF, 0x80, 0xFF, 0xFF, 0xFF, 0x7D, 0xFF, 0xFF, 0xFF, 0x78, 0xFF, 0xFF, 0xFF, 0x76, 0xFF, 0xFF,
            0xFF, 0x72, 0xFF, 0xFF, 0xFF, 0x75, 0xFF, 0xFF, 0xFF, 0x9D, 0xFF, 0xFF, 0xFF, 0xB6, 0xFF, 0xFF,
            0xFF, 0x8B, 0xFF, 0xFF, 0xFF, 0x74, 0xFF, 0xFF, 0xFF, 0x71, 0xFF, 0xFF, 0xFF, 0x80, 0xFF, 0xFF,
            0xFF, 0x9E, 0xFF, 0xFF, 0xFF, 0x87, 0xFF, 0xFF, 0xFF, 0x63, 0xFF, 0xFF, 0xFF, 0x5C, 0xFF, 0xFF,
            0xFF, 0x5A, 0xFF, 0xFF, 0xFF, 0x59, 0xFF, 0xFF, 0xFF, 0x5B, 0xFF, 0xFF, 0xFF, 0x59, 0xFF, 0xFF,
            0xFF, 0x51, 0xFF, 0xFF, 0xFF, 0x6B, 0xFF, 0xFF, 0xFF, 0x3D, 0x00, 0x00, 0x00, 0x00, 0xFF, 0xFF,
            0xFF, 0x02, 0x00, 0x00, 0x00, 0x00, 0x00, 0x00, 0x00, 0x00, 0x00, 0x00, 0x00, 0x00, 0xFF, 0xFF,
            0xFF, 0x01, 0xFF, 0xFF, 0xFF, 0x0A, 0xFF, 0xFF, 0xFF, 0x7F, 0xFF, 0xFF, 0xFF, 0x8F, 0xFF, 0xFF,
            0xFF, 0x7F, 0xFF, 0xFF, 0xFF, 0x7D, 0xFF, 0xFF, 0xFF, 0x99, 0xFF, 0xFF, 0xFF, 0x8F, 0xFF, 0xFF,
            0xFF, 0x75, 0xFF, 0xFF, 0xFF, 0x74, 0xFF, 0xFF, 0xFF, 0x70, 0xFF, 0xFF, 0xFF, 0x71, 0xFF, 0xFF,
            0xFF, 0x6C, 0xFF, 0xFF, 0xFF, 0x6D, 0xFF, 0xFF, 0xFF, 0x6B, 0xFF, 0xFF, 0xFF, 0x67, 0xFF, 0xFF,
            0xFF, 0x67, 0xFF, 0xFF, 0xFF, 0x63, 0xFF, 0xFF, 0xFF, 0x62, 0xFF, 0xFF, 0xFF, 0x5D, 0xFF, 0xFF,
            0xFF, 0x78, 0xFF, 0xFF, 0xFF, 0x83, 0xFF, 0xFF, 0xFF, 0x5A, 0xFF, 0xFF, 0xFF, 0x59, 0xFF, 0xFF,
            0xFF, 0x63, 0xFF, 0xFF, 0xFF, 0x5E, 0xFF, 0xFF, 0xFF, 0x07, 0xFF, 0xFF, 0xFF, 0x01, 0x00, 0x00,
            0x00, 0x00, 0x00, 0x00, 0x00, 0x00, 0x00, 0x00, 0x00, 0x00, 0x00, 0x00, 0x00, 0x00, 0xFF, 0xFF,
            0xFF, 0x01, 0x00, 0x00, 0x00, 0x00, 0xFF, 0xFF, 0xFF, 0x17, 0xFF, 0xFF, 0xFF, 0x97, 0xFF, 0xFF,
            0xFF, 0x83, 0xFF, 0xFF, 0xFF, 0x80, 0xFF, 0xFF, 0xFF, 0xB3, 0xFF, 0xFF, 0xFF, 0xC3, 0xFF, 0xFF,
            0xFF, 0xA6, 0xFF, 0xFF, 0xFF, 0x82, 0xFF, 0xFF, 0xFF, 0x77, 0xFF, 0xFF, 0xFF, 0x75, 0xFF, 0xFF,
            0xFF, 0x74, 0xFF, 0xFF, 0xFF, 0x71, 0xFF, 0xFF, 0xFF, 0x6F, 0xFF, 0xFF, 0xFF, 0x6E, 0xFF, 0xFF,
            0xFF, 0x6B, 0xFF, 0xFF, 0xFF, 0x69, 0xFF, 0xFF, 0xFF, 0x70, 0xFF, 0xFF, 0xFF, 0x95, 0xFF, 0xFF,
            0xFF, 0xBA, 0xFF, 0xFF, 0xFF, 0xA9, 0xFF, 0xFF, 0xFF, 0x5E, 0xFF, 0xFF, 0xFF, 0x5C, 0xFF, 0xFF,
            0xFF, 0x6B, 0xFF, 0xFF, 0xFF, 0x11, 0x00, 0x00, 0x00, 0x00, 0xFF, 0xFF, 0xFF, 0x01, 0x00, 0x00,
            0x00, 0x00, 0x00, 0x00, 0x00, 0x00, 0x00, 0x00, 0x00, 0x00, 0x00, 0x00, 0x00, 0x00, 0x00, 0x00,
            0x00, 0x00, 0xFF, 0xFF, 0xFF, 0x02, 0x00, 0x00, 0x00, 0x00, 0xFF, 0xFF, 0xFF, 0x78, 0xFF, 0xFF,
            0xFF, 0x8F, 0xFF, 0xFF, 0xFF, 0x83, 0xFF, 0xFF, 0xFF, 0xB6, 0xFF, 0xFF, 0xFF, 0xBD, 0xFF, 0xFF,
            0xFF, 0xC4, 0xFF, 0xFF, 0xFF, 0xBA, 0xFF, 0xFF, 0xFF, 0x7D, 0xFF, 0xFF, 0xFF, 0x76, 0xFF, 0xFF,
            0xFF, 0x75, 0xFF, 0xFF, 0xFF, 0x73, 0xFF, 0xFF, 0xFF, 0x71, 0xFF, 0xFF, 0xFF, 0x6F, 0xFF, 0xFF,
            0xFF, 0x6C, 0xFF, 0xFF, 0xFF, 0x6F, 0xFF, 0xFF, 0xFF, 0xAB, 0xFF, 0xFF, 0xFF, 0xB9, 0xFF, 0xFF,
            0xFF, 0xB4, 0xFF, 0xFF, 0xFF, 0xAD, 0xFF, 0xFF, 0xFF, 0x63, 0xFF, 0xFF, 0xFF, 0x65, 0xFF, 0xFF,
            0xFF, 0x54, 0x00, 0x00, 0x00, 0x00, 0xFF, 0xFF, 0xFF, 0x01, 0x00, 0x00, 0x00, 0x00, 0x00, 0x00,
            0x00, 0x00, 0x00, 0x00, 0x00, 0x00, 0x00, 0x00, 0x00, 0x00, 0x00, 0x00, 0x00, 0x00, 0x00, 0x00,
            0x00, 0x00, 0xFF, 0xFF, 0xFF, 0x02, 0x00, 0x00, 0x00, 0x00, 0xFF, 0xFF, 0xFF, 0x7C, 0xFF, 0xFF,
            0xFF, 0x91, 0xFF, 0xFF, 0xFF, 0x86, 0xFF, 0xFF, 0xFF, 0xBC, 0xFF, 0xFF, 0xFF, 0xBC, 0xFF, 0xFF,
            0xFF, 0xBC, 0xFF, 0xFF, 0xFF, 0xBC, 0xFF, 0xFF, 0xFF, 0x82, 0xFF, 0xFF, 0xFF, 0x77, 0xFF, 0xFF,
            0xFF, 0x77, 0xFF, 0xFF, 0xFF, 0x75, 0xFF, 0xFF, 0xFF, 0x73, 0xFF, 0xFF, 0xFF, 0x71, 0xFF, 0xFF,
            0xFF, 0x6D, 0xFF, 0xFF, 0xFF, 0x74, 0xFF, 0xFF, 0xFF, 0xAE, 0xFF, 0xFF, 0xFF, 0xB1, 0xFF, 0xFF,
            0xFF, 0xB4, 0xFF, 0xFF, 0xFF, 0xAD, 0xFF, 0xFF, 0xFF, 0x65, 0xFF, 0xFF, 0xFF, 0x67, 0xFF, 0xFF,
            0xFF, 0x53, 0x00, 0x00, 0x00, 0x00, 0xFF, 0xFF, 0xFF, 0x01, 0x00, 0x00, 0x00, 0x00, 0x00, 0x00,
            0x00, 0x00, 0x00, 0x00, 0x00, 0x00, 0x00, 0x00, 0x00, 0x00, 0x00, 0x00, 0x00, 0x00, 0xFF, 0xFF,
            0xFF, 0x02, 0x00, 0x00, 0x00, 0x00, 0xFF, 0xFF, 0xFF, 0x1A, 0xFF, 0xFF, 0xFF, 0xA3, 0xFF, 0xFF,
            0xFF, 0x89, 0xFF, 0xFF, 0xFF, 0x87, 0xFF, 0xFF, 0xFF, 0xBE, 0xFF, 0xFF, 0xFF, 0xC3, 0xFF, 0xFF,
            0xFF, 0xB9, 0xFF, 0xFF, 0xFF, 0xBF, 0xFF, 0xFF, 0xFF, 0x91, 0xFF, 0xFF, 0xFF, 0x76, 0xFF, 0xFF,
            0xFF, 0x7B, 0xFF, 0xFF, 0xFF, 0x77, 0xFF, 0xFF, 0xFF, 0x75, 0xFF, 0xFF, 0xFF, 0x75, 0xFF, 0xFF,
            0xFF, 0x6C, 0xFF, 0xFF, 0xFF, 0x83, 0xFF, 0xFF, 0xFF, 0xB3, 0xFF, 0xFF, 0xFF, 0xAF, 0xFF, 0xFF,
            0xFF, 0xB5, 0xFF, 0xFF, 0xFF, 0xA5, 0xFF, 0xFF, 0xFF, 0x65, 0xFF, 0xFF, 0xFF, 0x62, 0xFF, 0xFF,
            0xFF, 0x6B, 0xFF, 0xFF, 0xFF, 0x0F, 0x00, 0x00, 0x00, 0x00, 0xFF, 0xFF, 0xFF, 0x01, 0x00, 0x00,
            0x00, 0x00, 0x00, 0x00, 0x00, 0x00, 0x00, 0x00, 0x00, 0x00, 0xFF, 0xFF, 0xFF, 0x01, 0xFF, 0xFF,
            0xFF, 0x01, 0xFF, 0xFF, 0xFF, 0x0C, 0xFF, 0xFF, 0xFF, 0x94, 0xFF, 0xFF, 0xFF, 0x9D, 0xFF, 0xFF,
            0xFF, 0x89, 0xFF, 0xFF, 0xFF, 0x85, 0xFF, 0xFF, 0xFF, 0xB3, 0xFF, 0xFF, 0xFF, 0xCF, 0xFF, 0xFF,
            0xFF, 0xBF, 0xFF, 0xFF, 0xFF, 0xBD, 0xFF, 0xFF, 0xFF, 0xB3, 0xFF, 0xFF, 0xFF, 0x81, 0xFF, 0xFF,
            0xFF, 0x77, 0xFF, 0xFF, 0xFF, 0x79, 0xFF, 0xFF, 0xFF, 0x77, 0xFF, 0xFF, 0xFF, 0x70, 0xFF, 0xFF,
            0xFF, 0x77, 0xFF, 0xFF, 0xFF, 0xAB, 0xFF, 0xFF, 0xFF, 0xB3, 0xFF, 0xFF, 0xFF, 0xAE, 0xFF, 0xFF,
            0xFF, 0xB6, 0xFF, 0xFF, 0xFF, 0x94, 0xFF, 0xFF, 0xFF, 0x62, 0xFF, 0xFF, 0xFF, 0x63, 0xFF, 0xFF,
            0xFF, 0x6B, 0xFF, 0xFF, 0xFF, 0x5A, 0xFF, 0xFF, 0xFF, 0x06, 0xFF, 0xFF, 0xFF, 0x01, 0x00, 0x00,
            0x00, 0x00, 0x00, 0x00, 0x00, 0x00, 0x00, 0x00, 0x00, 0x00, 0xFF, 0xFF, 0xFF, 0x03, 0x00, 0x00,
            0x00, 0x00, 0xFF, 0xFF, 0xFF, 0x64, 0xFF, 0xFF, 0xFF, 0xB2, 0xFF, 0xFF, 0xFF, 0x88, 0xFF, 0xFF,
            0xFF, 0x8F, 0xFF, 0xFF, 0xFF, 0x88, 0xFF, 0xFF, 0xFF, 0x9A, 0xFF, 0xFF, 0xFF, 0xD4, 0xFF, 0xFF,
            0xFF, 0xCA, 0xFF, 0xFF, 0xFF, 0xC0, 0xFF, 0xFF, 0xFF, 0xBD, 0xFF, 0xFF, 0xFF, 0xB4, 0xFF, 0xFF,
            0xFF, 0x8D, 0xFF, 0xFF, 0xFF, 0x7A, 0xFF, 0xFF, 0xFF, 0x77, 0xFF, 0xFF, 0xFF, 0x8A, 0xFF, 0xFF,
            0xFF, 0xB6, 0xFF, 0xFF, 0xFF, 0xBD, 0xFF, 0xFF, 0xFF, 0xB5, 0xFF, 0xFF, 0xFF, 0xB0, 0xFF, 0xFF,
            0xFF, 0xB1, 0xFF, 0xFF, 0xFF, 0x79, 0xFF, 0xFF, 0xFF, 0x66, 0xFF, 0xFF, 0xFF, 0x68, 0xFF, 0xFF,
            0xFF, 0x61, 0xFF, 0xFF, 0xFF, 0x73, 0xFF, 0xFF, 0xFF, 0x38, 0x00, 0x00, 0x00, 0x00, 0xFF, 0xFF,
            0xFF, 0x02, 0x00, 0x00, 0x00, 0x00, 0x00, 0x00, 0x00, 0x00, 0xFF, 0xFF, 0xFF, 0x03, 0x00, 0x00,
            0x00, 0x00, 0xFF, 0xFF, 0xFF, 0x71, 0xFF, 0xFF, 0xFF, 0xAB, 0xFF, 0xFF, 0xFF, 0x8C, 0xFF, 0xFF,
            0xFF, 0x90, 0xFF, 0xFF, 0xFF, 0x8E, 0xFF, 0xFF, 0xFF, 0x87, 0xFF, 0xFF, 0xFF, 0xB8, 0xFF, 0xFF,
            0xFF, 0xD9, 0xFF, 0xFF, 0xFF, 0xC8, 0xFF, 0xFF, 0xFF, 0xBF, 0xFF, 0xFF, 0xFF, 0xC1, 0xFF, 0xFF,
            0xFF, 0xAA, 0xFF, 0xFF, 0xFF, 0x7A, 0xFF, 0xFF, 0xFF, 0x76, 0xFF, 0xFF, 0xFF, 0xB1, 0xFF, 0xFF,
            0xFF, 0xCC, 0xFF, 0xFF, 0xFF, 0xBE, 0xFF, 0xFF, 0xFF, 0xB9, 0xFF, 0xFF, 0xFF, 0xBB, 0xFF, 0xFF,
            0xFF, 0x96, 0xFF, 0xFF, 0xFF, 0x69, 0xFF, 0xFF, 0xFF, 0x6C, 0xFF, 0xFF, 0xFF, 0x69, 0xFF, 0xFF,
            0xFF, 0x64, 0xFF, 0xFF, 0xFF, 0x6F, 0xFF, 0xFF, 0xFF, 0x3F, 0x00, 0x00, 0x00, 0x00, 0xFF, 0xFF,
            0xFF, 0x02, 0x00, 0x00, 0x00, 0x00, 0x00, 0x00, 0x00, 0x00, 0xFF, 0xFF, 0xFF, 0x02, 0x00, 0x00,
            0x00, 0x00, 0xFF, 0xFF, 0xFF, 0x28, 0xFF, 0xFF, 0xFF, 0xBA, 0xFF, 0xFF, 0xFF, 0x8F, 0xFF, 0xFF,
            0xFF, 0x92, 0xFF, 0xFF, 0xFF, 0x8F, 0xFF, 0xFF, 0xFF, 0x8D, 0xFF, 0xFF, 0xFF, 0x8C, 0xFF, 0xFF,
            0xFF, 0xC3, 0xFF, 0xFF, 0xFF, 0xD9, 0xFF, 0xFF, 0xFF, 0xC9, 0xFF, 0xFF, 0xFF, 0xC3, 0xFF, 0xFF,
            0xFF, 0xA6, 0xFF, 0xFF, 0xFF, 0x7C, 0xFF, 0xFF, 0xFF, 0x78, 0xFF, 0xFF, 0xFF, 0xB1, 0xFF, 0xFF,
            0xFF, 0xCC, 0xFF, 0xFF, 0xFF, 0xC2, 0xFF, 0xFF, 0xFF, 0xC6, 0xFF, 0xFF, 0xFF, 0xA7, 0xFF, 0xFF,
            0xFF, 0x71, 0xFF, 0xFF, 0xFF, 0x6E, 0xFF, 0xFF, 0xFF, 0x6D, 0xFF, 0xFF, 0xFF, 0x6B, 0xFF, 0xFF,
            0xFF, 0x68, 0xFF, 0xFF, 0xFF, 0x70, 0xFF, 0xFF, 0xFF, 0x14, 0x00, 0x00, 0x00, 0x00, 0xFF, 0xFF,
            0xFF, 0x01, 0x00, 0x00, 0x00, 0x00, 0x00, 0x00, 0x00, 0x00, 0x00, 0x00, 0x00, 0x00, 0xFF, 0xFF,
            0xFF, 0x02, 0x00, 0x00, 0x00, 0x00, 0xFF, 0xFF, 0xFF, 0x86, 0xFF, 0xFF, 0xFF, 0xAF, 0xFF, 0xFF,
            0xFF, 0x8C, 0xFF, 0xFF, 0xFF, 0x93, 0xFF, 0xFF, 0xFF, 0x8E, 0xFF, 0xFF, 0xFF, 0x8A, 0xFF, 0xFF,
            0xFF, 0x8D, 0xFF, 0xFF, 0xFF, 0xB8, 0xFF, 0xFF, 0xFF, 0xD3, 0xFF, 0xFF, 0xFF, 0xD3, 0xFF, 0xFF,
            0xFF, 0xAF, 0xFF, 0xFF, 0xFF, 0x7E, 0xFF, 0xFF, 0xFF, 0x7A, 0xFF, 0xFF, 0xFF, 0xB8, 0xFF, 0xFF,
            0xFF, 0xD9, 0xFF, 0xFF, 0xFF, 0xC9, 0xFF, 0xFF, 0xFF, 0xA4, 0xFF, 0xFF, 0xFF, 0x75, 0xFF, 0xFF,
            0xFF, 0x70, 0xFF, 0xFF, 0xFF, 0x70, 0xFF, 0xFF, 0xFF, 0x6E, 0xFF, 0xFF, 0xFF, 0x6A, 0xFF, 0xFF,
            0xFF, 0x75, 0xFF, 0xFF, 0xFF, 0x48, 0x00, 0x00, 0x00, 0x00, 0xFF, 0xFF, 0xFF, 0x01, 0x00, 0x00,
            0x00, 0x00, 0x00, 0x00, 0x00, 0x00, 0x00, 0x00, 0x00, 0x00, 0x00, 0x00, 0x00, 0x00, 0xFF, 0xFF,
            0xFF, 0x02, 0xFF, 0xFF, 0xFF, 0x01, 0xFF, 0xFF, 0xFF, 0x19, 0xFF, 0xFF, 0xFF, 0xBA, 0xFF, 0xFF,
            0xFF, 0x9D, 0xFF, 0xFF, 0xFF, 0x8E, 0xFF, 0xFF, 0xFF, 0x98, 0xFF, 0xFF, 0xFF, 0x97, 0xFF, 0xFF,
            0xFF, 0x89, 0xFF, 0xFF, 0xFF, 0x84, 0xFF, 0xFF, 0xFF, 0x99, 0xFF, 0xFF, 0xFF, 0xB6, 0xFF, 0xFF,
            0xFF, 0xAA, 0xFF, 0xFF, 0xFF, 0x80, 0xFF, 0xFF, 0xFF, 0x7D, 0xFF, 0xFF, 0xFF, 0xAD, 0xFF, 0xFF,
            0xFF, 0xB4, 0xFF, 0xFF, 0xFF, 0x8B, 0xFF, 0xFF, 0xFF, 0x73, 0xFF, 0xFF, 0xFF, 0x75, 0xFF, 0xFF,
            0xFF, 0x7A, 0xFF, 0xFF, 0xFF, 0x77, 0xFF, 0xFF, 0xFF, 0x70, 0xFF, 0xFF, 0xFF, 0x74, 0xFF, 0xFF,
            0xFF, 0x6A, 0xFF, 0xFF, 0xFF, 0x0C, 0xFF, 0xFF, 0xFF, 0x01, 0xFF, 0xFF, 0xFF, 0x01, 0x00, 0x00,
            0x00, 0x00, 0x00, 0x00, 0x00, 0x00, 0x00, 0x00, 0x00, 0x00, 0x00, 0x00, 0x00, 0x00, 0x00, 0x00,
            0x00, 0x00, 0xFF, 0xFF, 0xFF, 0x02, 0x00, 0x00, 0x00, 0x00, 0xFF, 0xFF, 0xFF, 0x3E, 0xFF, 0xFF,
            0xFF, 0xBB, 0xFF, 0xFF, 0xFF, 0xB3, 0xFF, 0xFF, 0xFF, 0x9F, 0xFF, 0xFF, 0xFF, 0x9B, 0xFF, 0xFF,
            0xFF, 0xAE, 0xFF, 0xFF, 0xFF, 0x98, 0xFF, 0xFF, 0xFF, 0x85, 0xFF, 0xFF, 0xFF, 0x85, 0xFF, 0xFF,
            0xFF, 0x86, 0xFF, 0xFF, 0xFF, 0x85, 0xFF, 0xFF, 0xFF, 0x83, 0xFF, 0xFF, 0xFF, 0x80, 0xFF, 0xFF,
            0xFF, 0x7A, 0xFF, 0xFF, 0xFF, 0x78, 0xFF, 0xFF, 0xFF, 0x82, 0xFF, 0xFF, 0xFF, 0x82, 0xFF, 0xFF,
            0xFF, 0x66, 0xFF, 0xFF, 0xFF, 0x62, 0xFF, 0xFF, 0xFF, 0x71, 0xFF, 0xFF, 0xFF, 0x6B, 0xFF, 0xFF,
            0xFF, 0x1D, 0x00, 0x00, 0x00, 0x00, 0xFF, 0xFF, 0xFF, 0x01, 0x00, 0x00, 0x00, 0x00, 0x00, 0x00,
            0x00, 0x00, 0x00, 0x00, 0x00, 0x00, 0x00, 0x00, 0x00, 0x00, 0x00, 0x00, 0x00, 0x00, 0x00, 0x00,
            0x00, 0x00, 0x00, 0x00, 0x00, 0x00, 0xFF, 0xFF, 0xFF, 0x01, 0x00, 0x00, 0x00, 0x00, 0xFF, 0xFF,
            0xFF, 0x15, 0xFF, 0xFF, 0xFF, 0x25, 0xFF, 0xFF, 0xFF, 0x06, 0xFF, 0xFF, 0xFF, 0x06, 0xFF, 0xFF,
            0xFF, 0x33, 0xFF, 0xFF, 0xFF, 0xA1, 0xFF, 0xFF, 0xFF, 0x99, 0xFF, 0xFF, 0xFF, 0x8A, 0xFF, 0xFF,
            0xFF, 0x89, 0xFF, 0xFF, 0xFF, 0x87, 0xFF, 0xFF, 0xFF, 0x85, 0xFF, 0xFF, 0xFF, 0x83, 0xFF, 0xFF,
            0xFF, 0x80, 0xFF, 0xFF, 0xFF, 0x87, 0xFF, 0xFF, 0xFF, 0x7A, 0xFF, 0xFF, 0xFF, 0x21, 0xFF, 0xFF,
            0xFF, 0x02, 0xFF, 0xFF, 0xFF, 0x02, 0xFF, 0xFF, 0xFF, 0x10, 0xFF, 0xFF, 0xFF, 0x08, 0x00, 0x00,
            0x00, 0x00, 0xFF, 0xFF, 0xFF, 0x01, 0x00, 0x00, 0x00, 0x00, 0x00, 0x00, 0x00, 0x00, 0x00, 0x00,
            0x00, 0x00, 0x00, 0x00, 0x00, 0x00, 0x00, 0x00, 0x00, 0x00, 0x00, 0x00, 0x00, 0x00, 0x00, 0x00,
            0x00, 0x00, 0x00, 0x00, 0x00, 0x00, 0x00, 0x00, 0x00, 0x00, 0xFF, 0xFF, 0xFF, 0x02, 0x00, 0x00,
            0x00, 0x00, 0x00, 0x00, 0x00, 0x00, 0x00, 0x00, 0x00, 0x00, 0xFF, 0xFF, 0xFF, 0x01, 0x00, 0x00,
            0x00, 0x00, 0xFF, 0xFF, 0xFF, 0x28, 0xFF, 0xFF, 0xFF, 0xAC, 0xFF, 0xFF, 0xFF, 0x8A, 0xFF, 0xFF,
            0xFF, 0x8C, 0xFF, 0xFF, 0xFF, 0x8A, 0xFF, 0xFF, 0xFF, 0x88, 0xFF, 0xFF, 0xFF, 0x86, 0xFF, 0xFF,
            0xFF, 0x81, 0xFF, 0xFF, 0xFF, 0x8F, 0xFF, 0xFF, 0xFF, 0x1C, 0x00, 0x00, 0x00, 0x00, 0xFF, 0xFF,
            0xFF, 0x01, 0x00, 0x00, 0x00, 0x00, 0x00, 0x00, 0x00, 0x00, 0x00, 0x00, 0x00, 0x00, 0xFF, 0xFF,
            0xFF, 0x01, 0x00, 0x00, 0x00, 0x00, 0x00, 0x00, 0x00, 0x00, 0x00, 0x00, 0x00, 0x00, 0x00, 0x00,
            0x00, 0x00, 0x00, 0x00, 0x00, 0x00, 0x00, 0x00, 0x00, 0x00, 0x00, 0x00, 0x00, 0x00, 0x00, 0x00,
            0x00, 0x00, 0x00, 0x00, 0x00, 0x00, 0x00, 0x00, 0x00, 0x00, 0x00, 0x00, 0x00, 0x00, 0xFF, 0xFF,
            0xFF, 0x01, 0xFF, 0xFF, 0xFF, 0x02, 0xFF, 0xFF, 0xFF, 0x01, 0xFF, 0xFF, 0xFF, 0x01, 0xFF, 0xFF,
            0xFF, 0x03, 0x00, 0x00, 0x00, 0x00, 0xFF, 0xFF, 0xFF, 0x92, 0xFF, 0xFF, 0xFF, 0x9E, 0xFF, 0xFF,
            0xFF, 0x85, 0xFF, 0xFF, 0xFF, 0x86, 0xFF, 0xFF, 0xFF, 0x84, 0xFF, 0xFF, 0xFF, 0x80, 0xFF, 0xFF,
            0xFF, 0x92, 0xFF, 0xFF, 0xFF, 0x78, 0x00, 0x00, 0x00, 0x00, 0xFF, 0xFF, 0xFF, 0x02, 0x00, 0x00,
            0x00, 0x00, 0x00, 0x00, 0x00, 0x00, 0xFF, 0xFF, 0xFF, 0x01, 0xFF, 0xFF, 0xFF, 0x01, 0x00, 0x00,
            0x00, 0x00, 0x00, 0x00, 0x00, 0x00, 0x00, 0x00, 0x00, 0x00, 0x00, 0x00, 0x00, 0x00, 0x00, 0x00,
            0x00, 0x00, 0x00, 0x00, 0x00, 0x00, 0x00, 0x00, 0x00, 0x00, 0x00, 0x00, 0x00, 0x00, 0x00, 0x00,
            0x00, 0x00, 0x00, 0x00, 0x00, 0x00, 0x00, 0x00, 0x00, 0x00, 0x00, 0x00, 0x00, 0x00, 0x00, 0x00,
            0x00, 0x00, 0x00, 0x00, 0x00, 0x00, 0x00, 0x00, 0x00, 0x00, 0x00, 0x00, 0x00, 0x00, 0xFF, 0xFF,
            0xFF, 0x02, 0xFF, 0xFF, 0xFF, 0x01, 0xFF, 0xFF, 0xFF, 0x3E, 0xFF, 0xFF, 0xFF, 0xB3, 0xFF, 0xFF,
            0xFF, 0xAC, 0xFF, 0xFF, 0xFF, 0xA9, 0xFF, 0xFF, 0xFF, 0xA6, 0xFF, 0xFF, 0xFF, 0xA1, 0xFF, 0xFF,
            0xFF, 0x9D, 0xFF, 0xFF, 0xFF, 0x32, 0xFF, 0xFF, 0xFF, 0x01, 0xFF, 0xFF, 0xFF, 0x02, 0x00, 0x00,
            0x00, 0x00, 0x00, 0x00, 0x00, 0x00, 0x00, 0x00, 0x00, 0x00, 0x00, 0x00, 0x00, 0x00, 0x00, 0x00,
            0x00, 0x00, 0x00, 0x00, 0x00, 0x00, 0x00, 0x00, 0x00, 0x00, 0x00, 0x00, 0x00, 0x00, 0x00, 0x00,
            0x00, 0x00, 0x00, 0x00, 0x00, 0x00, 0x00, 0x00, 0x00, 0x00, 0x00, 0x00, 0x00, 0x00, 0x00, 0x00,
            0x00, 0x00, 0x00, 0x00, 0x00, 0x00, 0x00, 0x00, 0x00, 0x00, 0x00, 0x00, 0x00, 0x00, 0x00, 0x00,
            0x00, 0x00, 0x00, 0x00, 0x00, 0x00, 0x00, 0x00, 0x00, 0x00, 0x00, 0x00, 0x00, 0x00, 0x00, 0x00,
            0x00, 0x00, 0xFF, 0xFF, 0xFF, 0x01, 0x00, 0x00, 0x00, 0x00, 0xFF, 0xFF, 0xFF, 0x18, 0xFF, 0xFF,
            0xFF, 0x3B, 0xFF, 0xFF, 0xFF, 0x41, 0xFF, 0xFF, 0xFF, 0x3F, 0xFF, 0xFF, 0xFF, 0x36, 0xFF, 0xFF,
            0xFF, 0x14, 0x00, 0x00, 0x00, 0x00, 0x00, 0x00, 0x00, 0x00, 0x00, 0x00, 0x00, 0x00, 0x00, 0x00,
            0x00, 0x00, 0x00, 0x00, 0x00, 0x00, 0x00, 0x00, 0x00, 0x00, 0x00, 0x00, 0x00, 0x00, 0x00, 0x00,
            0x00, 0x00, 0x00, 0x00, 0x00, 0x00, 0x00, 0x00, 0x00, 0x00, 0x00, 0x00, 0x00, 0x00, 0x00, 0x00,
            0x00, 0x00, 0x00, 0x00, 0x00, 0x00, 0x00, 0x00, 0x00, 0x00, 0x00, 0x00, 0x00, 0x00, 0x00, 0x00,
            0x00, 0x00, 0x00, 0x00, 0x00, 0x00, 0x00, 0x00, 0x00, 0x00, 0x00, 0x00, 0x00, 0x00, 0x00, 0x00,
            0x00, 0x00, 0x00, 0x00, 0x00, 0x00, 0x00, 0x00, 0x00, 0x00, 0x00, 0x00, 0x00, 0x00, 0x00, 0x00,
            0x00, 0x00, 0x00, 0x00, 0x00, 0x00, 0xFF, 0xFF, 0xFF, 0x01, 0x00, 0x00, 0x00, 0x00, 0x00, 0x00,
            0x00, 0x00, 0x00, 0x00, 0x00, 0x00, 0x00, 0x00, 0x00, 0x00, 0x00, 0x00, 0x00, 0x00, 0x00, 0x00,
            0x00, 0x00, 0xFF, 0xFF, 0xFF, 0x01, 0x00, 0x00, 0x00, 0x00, 0x00, 0x00, 0x00, 0x00, 0x00, 0x00,
            0x00, 0x00, 0x00, 0x00, 0x00, 0x00, 0x00, 0x00, 0x00, 0x00, 0x00, 0x00, 0x00, 0x00, 0x00, 0x00,
            0x00, 0x00, 0x00, 0x00, 0x00, 0x00, 0x00, 0x00, 0x00, 0x00, 0x00, 0x00, 0x00, 0x00, 0x00, 0x00,
            0x00, 0x00, 0x00, 0x00, 0x00, 0x00, 0x00, 0x00, 0x00, 0x00, 0x00, 0x00, 0x00, 0x00, 0x00, 0x00,
            0x00, 0x00, 0x00, 0x00, 0x00, 0x00, 0x00, 0x00, 0x00, 0x00, 0x00, 0x00, 0x00, 0x00, 0x00, 0x00,
            0x00, 0x00, 0x00, 0x00, 0x00, 0x00, 0x00, 0x00, 0x00, 0x00, 0x00, 0x00, 0x00, 0x00, 0x00, 0x00,
            0x00, 0x00, 0x00, 0x00, 0x00, 0x00, 0x00, 0x00, 0x00, 0x00, 0xFF, 0xFF, 0xFF, 0x01, 0xFF, 0xFF,
            0xFF, 0x03, 0xFF, 0xFF, 0xFF, 0x03, 0xFF, 0xFF, 0xFF, 0x03, 0xFF, 0xFF, 0xFF, 0x02, 0xFF, 0xFF,
            0xFF, 0x01, 0x00, 0x00, 0x00, 0x00, 0x00, 0x00, 0x00, 0x00, 0x00, 0x00, 0x00, 0x00, 0x00, 0x00,
            0x00, 0x00, 0x00, 0x00, 0x00, 0x00, 0x00, 0x00, 0x00, 0x00, 0x00, 0x00, 0x00, 0x00, 0x00, 0x00,
            0x00, 0x00, 0x00, 0x00, 0x00, 0x00, 0x00, 0x00, 0x00, 0x00, 0x00, 0x00, 0x00, 0x00, 0x00, 0x00,
            0x00, 0x00, 0x00, 0x00, 0x00, 0x00
        };


        private static readonly byte[] ExplorerBmp =
        {
            0x42, 0x4D, 0x36, 0x10, 0x00, 0x00, 0x00, 0x00, 0x00, 0x00, 0x36, 0x00, 0x00, 0x00, 0x28, 0x00,
            0x00, 0x00, 0x20, 0x00, 0x00, 0x00, 0x20, 0x00, 0x00, 0x00, 0x01, 0x00, 0x20, 0x00, 0x00, 0x00,
            0x00, 0x00, 0x00, 0x10, 0x00, 0x00, 0x00, 0x00, 0x00, 0x00, 0x00, 0x00, 0x00, 0x00, 0x00, 0x00,
            0x00, 0x00, 0x00, 0x00, 0x00, 0x00, 0x00, 0x00, 0x00, 0x00, 0x00, 0x00, 0x00, 0x00, 0x00, 0x00,
            0x00, 0x00, 0x00, 0x00, 0x00, 0x00, 0x00, 0x00, 0x00, 0x00, 0x00, 0x00, 0x00, 0x00, 0x00, 0x00,
            0x00, 0x00, 0x00, 0x00, 0x00, 0x00, 0x00, 0x00, 0x00, 0x00, 0x00, 0x00, 0x00, 0x00, 0x00, 0x00,
            0x00, 0x00, 0x00, 0x00, 0x00, 0x00, 0x00, 0x00, 0x00, 0x00, 0x00, 0x00, 0x00, 0x00, 0x00, 0x00,
            0x00, 0x00, 0x00, 0x00, 0x00, 0x00, 0x00, 0x00, 0x00, 0x00, 0x00, 0x00, 0x00, 0x00, 0x00, 0x00,
            0x00, 0x00, 0x00, 0x00, 0x00, 0x00, 0x00, 0x00, 0x00, 0x00, 0x00, 0x00, 0x00, 0x00, 0x00, 0x00,
            0x00, 0x00, 0x00, 0x00, 0x00, 0x00, 0x00, 0x00, 0x00, 0x00, 0x00, 0x00, 0x00, 0x00, 0x00, 0x00,
            0x00, 0x00, 0x00, 0x00, 0x00, 0x00, 0x00, 0x00, 0x00, 0x00, 0x00, 0x00, 0x00, 0x00, 0x00, 0x00,
            0x00, 0x00, 0x00, 0x00, 0x00, 0x00, 0x00, 0x00, 0x00, 0x00, 0x00, 0x00, 0x00, 0x00, 0x00, 0x00,
            0x00, 0x00, 0x00, 0x00, 0x00, 0x00, 0x00, 0x00, 0x00, 0x00, 0x00, 0x00, 0x00, 0x00, 0x00, 0x00,
            0x00, 0x00, 0x7F, 0x7F, 0x7F, 0x02, 0x7F, 0x3F, 0x3F, 0x04, 0x7F, 0x3F, 0x3F, 0x04, 0x7F, 0x3F,
            0x3F, 0x04, 0xFF, 0x00, 0x00, 0x01, 0x00, 0x00, 0x00, 0x00, 0x00, 0x00, 0x00, 0x00, 0x00, 0x00,
            0x00, 0x00, 0x00, 0x00, 0x00, 0x00, 0x00, 0x00, 0x00, 0x00, 0x00, 0x00, 0x00, 0x00, 0x00, 0x00,
            0x00, 0x00, 0x00, 0x00, 0x00, 0x00, 0xFF, 0x00, 0x00, 0x01, 0x7F, 0x3F, 0x3F, 0x04, 0x7F, 0x3F,
            0x3F, 0x04, 0x7F, 0x3F, 0x3F, 0x04, 0x7F, 0x7F, 0x7F, 0x02, 0x00, 0x00, 0x00, 0x00, 0x00, 0x00,
            0x00, 0x00, 0x00, 0x00, 0x00, 0x00, 0x00, 0x00, 0x00, 0x00, 0x00, 0x00, 0x00, 0x00, 0x00, 0x00,
            0x00, 0x00, 0x00, 0x00, 0x00, 0x00, 0x00, 0x00, 0x00, 0x00, 0x00, 0x00, 0x00, 0x00, 0x00, 0x00,
            0x00, 0x00, 0x00, 0x00, 0x00, 0x00, 0x00, 0x00, 0x00, 0x00, 0xFF, 0xFF, 0xFF, 0x01, 0xAA, 0xFF,
            0xFF, 0x03, 0x00, 0x00, 0x00, 0x00, 0x00, 0x00, 0x00, 0x00, 0x00, 0x00, 0x00, 0x00, 0x00, 0x00,
            0x00, 0x00, 0x00, 0x00, 0x00, 0x00, 0xAA, 0xFF, 0xFF, 0x03, 0x55, 0xAA, 0xFF, 0x03, 0xAA, 0xAA,
            0xFF, 0x03, 0xAA, 0xAA, 0xFF, 0x03, 0x55, 0xAA, 0xFF, 0x03, 0x55, 0xAA, 0xFF, 0x03, 0x55, 0xAA,
            0xFF, 0x03, 0x55, 0xAA, 0xFF, 0x03, 0x00, 0x00, 0x00, 0x00, 0x00, 0x00, 0x00, 0x00, 0x00, 0x00,
            0x00, 0x00, 0x00, 0x00, 0x00, 0x00, 0x00, 0x00, 0x00, 0x00, 0x55, 0xAA, 0xFF, 0x03, 0x55, 0xAA,
            0xAA, 0x03, 0x55, 0xAA, 0xFF, 0x03, 0x55, 0xAA, 0xFF, 0x03, 0x00, 0xFF, 0xFF, 0x01, 0x00, 0x00,
            0x00, 0x00, 0x00, 0x00, 0x00, 0x00, 0x00, 0x00, 0x00, 0x00, 0x00, 0x00, 0x00, 0x00, 0x00, 0x00,
            0x00, 0x00, 0x00, 0xFF, 0xFF, 0x01, 0x7F, 0xFF, 0xFF, 0x02, 0x00, 0x00, 0x00, 0x00, 0x00, 0x00,
            0x00, 0x00, 0x7E, 0x4F, 0x3C, 0x6D, 0x88, 0x5D, 0x49, 0xAA, 0x80, 0x55, 0x44, 0xA5, 0x8A, 0x5D,
            0x4B, 0xAA, 0x82, 0x41, 0x25, 0x2F, 0x00, 0x00, 0x00, 0x00, 0x00, 0x00, 0x00, 0x00, 0x00, 0x00,
            0x00, 0x00, 0x00, 0x00, 0x00, 0x00, 0x00, 0x00, 0x00, 0x00, 0x00, 0x00, 0x00, 0x00, 0x00, 0x00,
            0x00, 0x00, 0x00, 0x00, 0x00, 0x00, 0x87, 0x4B, 0x30, 0x2F, 0x8E, 0x64, 0x54, 0xAA, 0x84, 0x5E,
            0x4D, 0xA5, 0x8E, 0x66, 0x55, 0xAA, 0x87, 0x5B, 0x48, 0x6D, 0x00, 0x00, 0x00, 0x00, 0x00, 0x00,
            0x00, 0x00, 0x00, 0x00, 0x00, 0x00, 0x00, 0x00, 0x00, 0x00, 0x00, 0x00, 0x00, 0x00, 0x00, 0x00,
            0x00, 0x00, 0x00, 0x00, 0x00, 0x00, 0x00, 0x00, 0x00, 0x00, 0x00, 0x00, 0x00, 0x00, 0x00, 0x00,
            0x00, 0x00, 0x00, 0x00, 0x00, 0x00, 0x00, 0x00, 0x00, 0x00, 0x7F, 0xC2, 0xD0, 0x26, 0x7F, 0xD9,
            0xE8, 0x44, 0x81, 0x66, 0x58, 0xCD, 0x90, 0x60, 0x4C, 0xFF, 0x87, 0x5D, 0x4C, 0xFF, 0x92, 0x62,
            0x4E, 0xFF, 0x7F, 0x7F, 0x79, 0x8A, 0x7B, 0xCF, 0xE5, 0x46, 0x7C, 0xBD, 0xD2, 0x4A, 0x7A, 0xC5,
            0xD7, 0x47, 0x7A, 0xC1, 0xD7, 0x47, 0x76, 0xC1, 0xD3, 0x47, 0x76, 0xBE, 0xD3, 0x47, 0x75, 0xB6,
            0xCB, 0x4A, 0x74, 0xC1, 0xDE, 0x46, 0x7F, 0x7F, 0x7B, 0x8A, 0x97, 0x6A, 0x57, 0xFF, 0x8D, 0x66,
            0x55, 0xFF, 0x98, 0x6B, 0x59, 0xFF, 0x85, 0x6A, 0x5F, 0xCD, 0x6D, 0xB9, 0xD6, 0x46, 0x6E, 0xAC,
            0xC4, 0x4A, 0x6B, 0xAC, 0xC9, 0x47, 0x6C, 0xAE, 0xCA, 0x49, 0x71, 0xAA, 0xD4, 0x12, 0x00, 0x00,
            0x00, 0x00, 0x00, 0xFF, 0xFF, 0x01, 0x00, 0x00, 0x00, 0x00, 0xFF, 0xFF, 0xFF, 0x01, 0x00, 0xFF,
            0xFF, 0x01, 0x89, 0xD7, 0xEB, 0x0D, 0x81, 0xD4, 0xE1, 0xA2, 0x82, 0xD3, 0xE1, 0xF7, 0x83, 0xDD,
            0xEF, 0xFF, 0x82, 0x83, 0x7E, 0xFF, 0x84, 0x53, 0x41, 0xFB, 0x84, 0x60, 0x4F, 0xFC, 0x85, 0x55,
            0x43, 0xFB, 0x81, 0xA9, 0xB0, 0xFF, 0x7E, 0xD5, 0xEB, 0xFF, 0x7E, 0xCB, 0xDE, 0xFF, 0x7D, 0xCB,
            0xDF, 0xFF, 0x7C, 0xC9, 0xDE, 0xFF, 0x7B, 0xC7, 0xDD, 0xFF, 0x7A, 0xC5, 0xDD, 0xFF, 0x7A, 0xC2,
            0xD9, 0xFF, 0x77, 0xC8, 0xE3, 0xFF, 0x7D, 0xA1, 0xAD, 0xFF, 0x8A, 0x5D, 0x4B, 0xFB, 0x88, 0x67,
            0x59, 0xFC, 0x8B, 0x5F, 0x4D, 0xFB, 0x81, 0x81, 0x80, 0xFF, 0x71, 0xBD, 0xDD, 0xFF, 0x72, 0xB5,
            0xD2, 0xFF, 0x71, 0xB4, 0xD2, 0xFF, 0x74, 0xB8, 0xD8, 0xFF, 0x6B, 0xAA, 0xC7, 0x45, 0x00, 0x00,
            0x00, 0x00, 0x55, 0xAA, 0xFF, 0x03, 0x00, 0x00, 0x00, 0x00, 0x7F, 0xFF, 0xFF, 0x02, 0xFF, 0xFF,
            0xFF, 0x01, 0x7F, 0xD1, 0xDE, 0xAE, 0x8D, 0xE6, 0xF5, 0xFF, 0x80, 0xCE, 0xDC, 0xFE, 0x7D, 0xD5,
            0xE6, 0xFD, 0x83, 0x83, 0x7D, 0xFE, 0x87, 0x58, 0x46, 0xFF, 0x86, 0x63, 0x54, 0xFF, 0x88, 0x5A,
            0x48, 0xFF, 0x7E, 0xA3, 0xAA, 0xFE, 0x78, 0xCA, 0xE0, 0xFD, 0x78, 0xC1, 0xD4, 0xFD, 0x77, 0xC1,
            0xD5, 0xFD, 0x76, 0xBF, 0xD4, 0xFD, 0x75, 0xBE, 0xD3, 0xFD, 0x74, 0xBC, 0xD3, 0xFD, 0x73, 0xB9,
            0xD0, 0xFD, 0x71, 0xBE, 0xD9, 0xFD, 0x7A, 0x9C, 0xA7, 0xFE, 0x8D, 0x62, 0x50, 0xFF, 0x8A, 0x6A,
            0x5C, 0xFF, 0x8E, 0x64, 0x52, 0xFF, 0x82, 0x80, 0x80, 0xFE, 0x6B, 0xB4, 0xD3, 0xFD, 0x6C, 0xAD,
            0xC8, 0xFD, 0x6C, 0xAC, 0xC9, 0xFC, 0x6D, 0xAF, 0xCE, 0xFD, 0x6D, 0xA8, 0xCC, 0x41, 0x00, 0x00,
            0x00, 0x00, 0x55, 0xAA, 0xFF, 0x03, 0x55, 0xAA, 0xFF, 0x03, 0x00, 0x00, 0x00, 0x00, 0x7F, 0xD3,
            0xE0, 0x3A, 0x86, 0xDA, 0xE8, 0xFF, 0x80, 0xD1, 0xDF, 0xFA, 0x7F, 0xCC, 0xDA, 0xFE, 0x7D, 0xD3,
            0xE5, 0xFF, 0x84, 0x85, 0x80, 0xFF, 0x89, 0x5C, 0x4A, 0xFF, 0x88, 0x66, 0x57, 0xFF, 0x8A, 0x5E,
            0x4C, 0xFF, 0x7F, 0xA4, 0xAC, 0xFF, 0x78, 0xCA, 0xDF, 0xFF, 0x78, 0xC0, 0xD4, 0xFF, 0x77, 0xC0,
            0xD5, 0xFF, 0x76, 0xBE, 0xD4, 0xFF, 0x75, 0xBD, 0xD3, 0xFF, 0x74, 0xBB, 0xD2, 0xFF, 0x74, 0xB8,
            0xD0, 0xFF, 0x71, 0xBD, 0xD8, 0xFF, 0x7B, 0x9D, 0xA9, 0xFF, 0x8F, 0x66, 0x55, 0xFF, 0x8C, 0x6D,
            0x60, 0xFF, 0x90, 0x68, 0x56, 0xFF, 0x83, 0x83, 0x83, 0xFF, 0x6B, 0xB3, 0xD2, 0xFF, 0x6D, 0xAC,
            0xC8, 0xFF, 0x6B, 0xAA, 0xC8, 0xFE, 0x6E, 0xAF, 0xCF, 0xFF, 0x68, 0xA6, 0xC8, 0x42, 0x00, 0x00,
            0x00, 0x00, 0x55, 0xAA, 0xAA, 0x03, 0x7F, 0xBF, 0xBF, 0x04, 0x00, 0x00, 0x00, 0x00, 0x80, 0xD0,
            0xDF, 0x69, 0x88, 0xDE, 0xED, 0xFE, 0x7E, 0xCE, 0xDD, 0xFB, 0x7E, 0xCC, 0xDB, 0xFF, 0x7C, 0xD2,
            0xE4, 0xFF, 0x85, 0x87, 0x82, 0xFF, 0x8B, 0x5F, 0x4E, 0xFF, 0x8A, 0x69, 0x5B, 0xFF, 0x8C, 0x61,
            0x50, 0xFF, 0x7F, 0xA4, 0xAB, 0xFF, 0x77, 0xC6, 0xDD, 0xFF, 0x78, 0xBE, 0xD2, 0xFF, 0x77, 0xBE,
            0xD3, 0xFF, 0x76, 0xBC, 0xD2, 0xFF, 0x75, 0xBA, 0xD1, 0xFF, 0x74, 0xB9, 0xD0, 0xFF, 0x74, 0xB6,
            0xCE, 0xFF, 0x71, 0xBA, 0xD6, 0xFF, 0x7B, 0x9D, 0xA9, 0xFF, 0x91, 0x69, 0x59, 0xFF, 0x8E, 0x71,
            0x64, 0xFF, 0x92, 0x6B, 0x5A, 0xFF, 0x84, 0x85, 0x85, 0xFF, 0x6A, 0xB1, 0xD2, 0xFF, 0x6C, 0xAA,
            0xC8, 0xFF, 0x6A, 0xA9, 0xC8, 0xFE, 0x6D, 0xAD, 0xCD, 0xFF, 0x68, 0xA6, 0xC5, 0x42, 0x00, 0x00,
            0x00, 0x00, 0x55, 0xAA, 0xAA, 0x03, 0x7F, 0xBF, 0xBF, 0x04, 0x00, 0x00, 0x00, 0x00, 0x80, 0xD0,
            0xE0, 0x6D, 0x87, 0xDC, 0xEC, 0xFF, 0x7D, 0xCD, 0xDD, 0xFB, 0x7E, 0xCA, 0xDA, 0xFF, 0x7B, 0xD0,
            0xE3, 0xFF, 0x87, 0x89, 0x85, 0xFF, 0x8D, 0x63, 0x52, 0xFF, 0x8C, 0x6D, 0x5F, 0xFF, 0x8E, 0x65,
            0x53, 0xFF, 0x7E, 0xA9, 0xB2, 0xFF, 0x74, 0xCC, 0xE6, 0xFF, 0x75, 0xC2, 0xDA, 0xFF, 0x73, 0xC2,
            0xDB, 0xFF, 0x73, 0xC1, 0xDA, 0xFF, 0x72, 0xBF, 0xD9, 0xFF, 0x71, 0xBD, 0xD8, 0xFF, 0x71, 0xBA,
            0xD5, 0xFF, 0x6D, 0xBE, 0xDD, 0xFF, 0x79, 0xA1, 0xAF, 0xFF, 0x93, 0x6D, 0x5C, 0xFF, 0x90, 0x74,
            0x68, 0xFF, 0x94, 0x6F, 0x5F, 0xFF, 0x85, 0x86, 0x87, 0xFF, 0x69, 0xB0, 0xD0, 0xFF, 0x6B, 0xA9,
            0xC7, 0xFF, 0x69, 0xA7, 0xC7, 0xFE, 0x6C, 0xAB, 0xCD, 0xFF, 0x68, 0xA2, 0xC5, 0x42, 0x00, 0x00,
            0x00, 0x00, 0x55, 0xAA, 0xAA, 0x03, 0x7F, 0xBF, 0xBF, 0x04, 0x00, 0x00, 0x00, 0x00, 0x80, 0xCD,
            0xDE, 0x6D, 0x87, 0xDB, 0xEC, 0xFF, 0x7C, 0xCC, 0xDC, 0xFB, 0x7D, 0xC9, 0xD9, 0xFF, 0x7A, 0xCF,
            0xE2, 0xFF, 0x88, 0x8A, 0x87, 0xFF, 0x8F, 0x67, 0x56, 0xFF, 0x8E, 0x70, 0x62, 0xFF, 0x90, 0x6A,
            0x5B, 0xFF, 0x85, 0x93, 0x95, 0xFF, 0x7E, 0xA9, 0xB4, 0xFF, 0x7F, 0xA3, 0xAD, 0xFF, 0x7E, 0xA3,
            0xAE, 0xFF, 0x7E, 0xA2, 0xAE, 0xFF, 0x7D, 0xA2, 0xAD, 0xFF, 0x7D, 0xA1, 0xAD, 0xFF, 0x7D, 0x9F,
            0xAC, 0xFF, 0x7A, 0xA2, 0xB1, 0xFF, 0x83, 0x90, 0x95, 0xFF, 0x94, 0x72, 0x63, 0xFF, 0x92, 0x77,
            0x6B, 0xFF, 0x97, 0x73, 0x63, 0xFF, 0x87, 0x88, 0x8A, 0xFF, 0x68, 0xAE, 0xCF, 0xFF, 0x6B, 0xA8,
            0xC6, 0xFF, 0x69, 0xA6, 0xC6, 0xFE, 0x6B, 0xAA, 0xCC, 0xFF, 0x68, 0xA2, 0xC5, 0x42, 0x00, 0x00,
            0x00, 0x00, 0x55, 0xAA, 0xAA, 0x03, 0x7F, 0xBF, 0xBF, 0x04, 0x00, 0x00, 0x00, 0x00, 0x7E, 0xCD,
            0xDE, 0x6D, 0x86, 0xDA, 0xEB, 0xFF, 0x7C, 0xCB, 0xDB, 0xFB, 0x7C, 0xC8, 0xD9, 0xFF, 0x7A, 0xCD,
            0xE1, 0xFF, 0x89, 0x8C, 0x89, 0xFF, 0x91, 0x6A, 0x5B, 0xFF, 0x90, 0x72, 0x65, 0xFF, 0x91, 0x71,
            0x64, 0xFF, 0x92, 0x6E, 0x5F, 0xFF, 0x93, 0x6D, 0x5D, 0xFF, 0x94, 0x6E, 0x5F, 0xFF, 0x94, 0x6F,
            0x5F, 0xFF, 0x95, 0x6F, 0x60, 0xFF, 0x95, 0x70, 0x61, 0xFF, 0x95, 0x71, 0x62, 0xFF, 0x96, 0x72,
            0x62, 0xFF, 0x97, 0x73, 0x63, 0xFF, 0x96, 0x75, 0x67, 0xFF, 0x95, 0x78, 0x6C, 0xFF, 0x94, 0x79,
            0x6E, 0xFF, 0x98, 0x76, 0x68, 0xFF, 0x87, 0x8B, 0x8D, 0xFF, 0x68, 0xAC, 0xCE, 0xFF, 0x6A, 0xA6,
            0xC6, 0xFF, 0x68, 0xA5, 0xC5, 0xFE, 0x6B, 0xA9, 0xCB, 0xFF, 0x64, 0xA2, 0xC5, 0x42, 0x00, 0x00,
            0x00, 0x00, 0x55, 0xAA, 0xAA, 0x03, 0x7F, 0xBF, 0xBF, 0x04, 0x00, 0x00, 0x00, 0x00, 0x7E, 0xCD,
            0xDB, 0x6D, 0x85, 0xD8, 0xEA, 0xFF, 0x7B, 0xC9, 0xDA, 0xFB, 0x7B, 0xC7, 0xD8, 0xFF, 0x79, 0xCB,
            0xE0, 0xFF, 0x89, 0x8F, 0x8D, 0xFF, 0x93, 0x6F, 0x60, 0xFF, 0x92, 0x76, 0x6A, 0xFF, 0x92, 0x76,
            0x69, 0xFF, 0x93, 0x77, 0x6B, 0xFF, 0x93, 0x78, 0x6C, 0xFF, 0x93, 0x78, 0x6D, 0xFF, 0x93, 0x79,
            0x6D, 0xFF, 0x94, 0x7A, 0x6E, 0xFF, 0x94, 0x7A, 0x6F, 0xFF, 0x94, 0x7B, 0x70, 0xFF, 0x95, 0x7B,
            0x70, 0xFF, 0x95, 0x7C, 0x71, 0xFF, 0x96, 0x7C, 0x71, 0xFF, 0x96, 0x7C, 0x71, 0xFF, 0x96, 0x7E,
            0x73, 0xFF, 0x9C, 0x79, 0x69, 0xFF, 0x7F, 0x96, 0xA2, 0xFF, 0x67, 0xAB, 0xCD, 0xFF, 0x69, 0xA5,
            0xC5, 0xFF, 0x67, 0xA3, 0xC5, 0xFE, 0x6A, 0xA7, 0xCA, 0xFF, 0x64, 0xA2, 0xC5, 0x42, 0x00, 0x00,
            0x00, 0x00, 0x55, 0xAA, 0xAA, 0x03, 0x7F, 0xBF, 0xBF, 0x04, 0x00, 0x00, 0x00, 0x00, 0x7B, 0xCB,
            0xDB, 0x6D, 0x84, 0xD7, 0xE9, 0xFF, 0x7A, 0xC8, 0xD9, 0xFB, 0x7B, 0xC5, 0xD7, 0xFF, 0x78, 0xCA,
            0xE0, 0xFF, 0x8C, 0x8D, 0x89, 0xFF, 0x98, 0x6D, 0x5C, 0xFF, 0x96, 0x74, 0x66, 0xFF, 0x97, 0x74,
            0x65, 0xFF, 0x98, 0x75, 0x66, 0xFF, 0x98, 0x75, 0x67, 0xFF, 0x99, 0x76, 0x68, 0xFF, 0x99, 0x77,
            0x68, 0xFF, 0x99, 0x78, 0x69, 0xFF, 0x9A, 0x79, 0x6A, 0xFF, 0x9A, 0x79, 0x6B, 0xFF, 0x9B, 0x7A,
            0x6C, 0xFF, 0x9B, 0x7B, 0x6C, 0xFF, 0x9C, 0x7B, 0x6D, 0xFF, 0x9C, 0x7C, 0x6F, 0xFF, 0x9E, 0x7C,
            0x6D, 0xFF, 0x8E, 0x8A, 0x89, 0xFF, 0x6B, 0xA7, 0xC6, 0xFF, 0x68, 0xA6, 0xC7, 0xFF, 0x68, 0xA4,
            0xC5, 0xFF, 0x67, 0xA2, 0xC4, 0xFE, 0x69, 0xA6, 0xCA, 0xFF, 0x64, 0x9E, 0xC1, 0x42, 0x00, 0x00,
            0x00, 0x00, 0x55, 0xAA, 0xAA, 0x03, 0x7F, 0xBF, 0xBF, 0x04, 0x00, 0x00, 0x00, 0x00, 0x7B, 0xC9,
            0xDB, 0x6D, 0x83, 0xD5, 0xE8, 0xFF, 0x7A, 0xC7, 0xD9, 0xFB, 0x7A, 0xC4, 0xD7, 0xFF, 0x78, 0xC7,
            0xDC, 0xFF, 0x85, 0xA1, 0xA7, 0xFF, 0x8D, 0x8E, 0x8B, 0xFF, 0x8B, 0x92, 0x91, 0xFF, 0x8C, 0x90,
            0x90, 0xFF, 0x8B, 0x91, 0x90, 0xFF, 0x8B, 0x90, 0x91, 0xFF, 0x8B, 0x90, 0x91, 0xFF, 0x8B, 0x90,
            0x91, 0xFF, 0x8B, 0x90, 0x91, 0xFF, 0x8B, 0x90, 0x91, 0xFF, 0x8B, 0x90, 0x91, 0xFF, 0x8B, 0x90,
            0x92, 0xFF, 0x8B, 0x90, 0x92, 0xFF, 0x8B, 0x8F, 0x92, 0xFF, 0x8A, 0x8F, 0x93, 0xFF, 0x80, 0x98,
            0xA5, 0xFF, 0x6B, 0xA8, 0xC6, 0xFF, 0x68, 0xA7, 0xC9, 0xFF, 0x69, 0xA5, 0xC6, 0xFF, 0x67, 0xA3,
            0xC5, 0xFF, 0x66, 0xA1, 0xC3, 0xFE, 0x68, 0xA5, 0xC9, 0xFF, 0x64, 0x9E, 0xC1, 0x42, 0x00, 0x00,
            0x00, 0x00, 0x55, 0xAA, 0xAA, 0x03, 0x7F, 0xBF, 0xBF, 0x04, 0x00, 0x00, 0x00, 0x00, 0x7B, 0xC9,
            0xDB, 0x6D, 0x83, 0xD4, 0xE7, 0xFF, 0x79, 0xC5, 0xD8, 0xFB, 0x79, 0xC4, 0xD7, 0xFF, 0x78, 0xC2,
            0xD6, 0xFF, 0x76, 0xC4, 0xDA, 0xFF, 0x74, 0xC4, 0xDC, 0xFF, 0x73, 0xC2, 0xDA, 0xFF, 0x72, 0xC0,
            0xD9, 0xFF, 0x71, 0xBE, 0xD8, 0xFF, 0x71, 0xBC, 0xD7, 0xFF, 0x6F, 0xBB, 0xD6, 0xFF, 0x6F, 0xB9,
            0xD5, 0xFF, 0x6E, 0xB7, 0xD4, 0xFF, 0x6D, 0xB5, 0xD3, 0xFF, 0x6C, 0xB4, 0xD2, 0xFF, 0x6B, 0xB2,
            0xD1, 0xFF, 0x6A, 0xB0, 0xD0, 0xFF, 0x69, 0xAF, 0xCF, 0xFF, 0x68, 0xAD, 0xCE, 0xFF, 0x67, 0xAB,
            0xCD, 0xFF, 0x69, 0xA7, 0xC8, 0xFF, 0x68, 0xA5, 0xC6, 0xFF, 0x67, 0xA4, 0xC5, 0xFF, 0x66, 0xA2,
            0xC4, 0xFF, 0x65, 0x9F, 0xC2, 0xFE, 0x68, 0xA3, 0xC8, 0xFF, 0x64, 0x9E, 0xC1, 0x42, 0x00, 0x00,
            0x00, 0x00, 0x55, 0xAA, 0xAA, 0x03, 0x7F, 0xBF, 0xBF, 0x04, 0x00, 0x00, 0x00, 0x00, 0x7B, 0xC6,
            0xD9, 0x6D, 0x82, 0xD2, 0xE7, 0xFF, 0x78, 0xC4, 0xD7, 0xFB, 0x78, 0xC2, 0xD7, 0xFF, 0x77, 0xC1,
            0xD6, 0xFF, 0x77, 0xBF, 0xD4, 0xFF, 0x76, 0xBC, 0xD2, 0xFF, 0x75, 0xBB, 0xD1, 0xFF, 0x74, 0xB9,
            0xD1, 0xFF, 0x73, 0xB8, 0xD0, 0xFF, 0x73, 0xB6, 0xCF, 0xFF, 0x72, 0xB4, 0xCE, 0xFF, 0x71, 0xB3,
            0xCD, 0xFF, 0x70, 0xB1, 0xCC, 0xFF, 0x6F, 0xB0, 0xCB, 0xFF, 0x6E, 0xAF, 0xCA, 0xFF, 0x6D, 0xAD,
            0xCA, 0xFF, 0x6D, 0xAB, 0xC9, 0xFF, 0x6C, 0xAA, 0xC8, 0xFF, 0x6B, 0xA8, 0xC7, 0xFF, 0x6A, 0xA7,
            0xC6, 0xFF, 0x69, 0xA5, 0xC6, 0xFF, 0x68, 0xA4, 0xC5, 0xFF, 0x67, 0xA2, 0xC4, 0xFF, 0x66, 0xA1,
            0xC3, 0xFF, 0x64, 0x9E, 0xC2, 0xFE, 0x67, 0xA2, 0xC7, 0xFF, 0x60, 0x9A, 0xC1, 0x42, 0x00, 0x00,
            0x00, 0x00, 0x55, 0xAA, 0xAA, 0x03, 0x7F, 0xBF, 0xBF, 0x04, 0x00, 0x00, 0x00, 0x00, 0x79, 0xC6,
            0xD9, 0x6D, 0x81, 0xD1, 0xE6, 0xFF, 0x78, 0xC3, 0xD6, 0xFB, 0x77, 0xC1, 0xD6, 0xFF, 0x77, 0xBF,
            0xD5, 0xFF, 0x76, 0xBE, 0xD4, 0xFF, 0x75, 0xBC, 0xD3, 0xFF, 0x74, 0xBB, 0xD2, 0xFF, 0x73, 0xB9,
            0xD1, 0xFF, 0x72, 0xB7, 0xD0, 0xFF, 0x71, 0xB6, 0xCF, 0xFF, 0x70, 0xB4, 0xCF, 0xFF, 0x70, 0xB3,
            0xCE, 0xFF, 0x6F, 0xB1, 0xCD, 0xFF, 0x6E, 0xAF, 0xCC, 0xFF, 0x6D, 0xAE, 0xCB, 0xFF, 0x6C, 0xAC,
            0xCA, 0xFF, 0x6B, 0xAB, 0xC9, 0xFF, 0x6A, 0xA9, 0xC8, 0xFF, 0x69, 0xA7, 0xC7, 0xFF, 0x69, 0xA6,
            0xC6, 0xFF, 0x68, 0xA4, 0xC5, 0xFF, 0x67, 0xA3, 0xC5, 0xFF, 0x66, 0xA1, 0xC4, 0xFF, 0x65, 0x9F,
            0xC2, 0xFF, 0x64, 0x9D, 0xC1, 0xFE, 0x66, 0xA1, 0xC7, 0xFF, 0x60, 0x9A, 0xC1, 0x42, 0x00, 0x00,
            0x00, 0x00, 0x55, 0xAA, 0xAA, 0x03, 0x7F, 0xBF, 0xBF, 0x04, 0x00, 0x00, 0x00, 0x00, 0x79, 0xC4,
            0xD7, 0x6D, 0x80, 0xD0, 0xE5, 0xFF, 0x77, 0xC1, 0xD6, 0xFB, 0x77, 0xC0, 0xD5, 0xFF, 0x76, 0xBE,
            0xD4, 0xFF, 0x75, 0xBC, 0xD3, 0xFF, 0x74, 0xBB, 0xD2, 0xFF, 0x73, 0xB9, 0xD1, 0xFF, 0x72, 0xB8,
            0xD1, 0xFF, 0x71, 0xB6, 0xD0, 0xFF, 0x71, 0xB4, 0xCF, 0xFF, 0x70, 0xB3, 0xCE, 0xFF, 0x6F, 0xB1,
            0xCD, 0xFF, 0x6E, 0xB0, 0xCC, 0xFF, 0x6D, 0xAE, 0xCB, 0xFF, 0x6C, 0xAC, 0xCA, 0xFF, 0x6B, 0xAB,
            0xC9, 0xFF, 0x6A, 0xA9, 0xC8, 0xFF, 0x6A, 0xA8, 0xC7, 0xFF, 0x69, 0xA6, 0xC7, 0xFF, 0x68, 0xA4,
            0xC6, 0xFF, 0x67, 0xA3, 0xC5, 0xFF, 0x66, 0xA1, 0xC4, 0xFF, 0x65, 0xA0, 0xC3, 0xFF, 0x64, 0x9E,
            0xC2, 0xFF, 0x63, 0x9B, 0xC0, 0xFE, 0x65, 0x9F, 0xC6, 0xFF, 0x60, 0x9A, 0xBD, 0x42, 0x00, 0x00,
            0x00, 0x00, 0x55, 0xAA, 0xAA, 0x03, 0x7F, 0xBF, 0xBF, 0x04, 0x00, 0x00, 0x00, 0x00, 0x79, 0xC2,
            0xD7, 0x6D, 0x80, 0xCE, 0xE4, 0xFF, 0x76, 0xC0, 0xD5, 0xFB, 0x76, 0xBE, 0xD4, 0xFF, 0x75, 0xBD,
            0xD3, 0xFF, 0x74, 0xBB, 0xD2, 0xFF, 0x73, 0xB9, 0xD2, 0xFF, 0x72, 0xB8, 0xD1, 0xFF, 0x72, 0xB6,
            0xD0, 0xFF, 0x71, 0xB5, 0xCF, 0xFF, 0x70, 0xB3, 0xCE, 0xFF, 0x6F, 0xB1, 0xCD, 0xFF, 0x6E, 0xB0,
            0xCC, 0xFF, 0x6D, 0xAE, 0xCB, 0xFF, 0x6C, 0xAD, 0xCA, 0xFF, 0x6B, 0xAB, 0xC9, 0xFF, 0x6B, 0xA9,
            0xC8, 0xFF, 0x6A, 0xA8, 0xC8, 0xFF, 0x69, 0xA6, 0xC7, 0xFF, 0x68, 0xA5, 0xC6, 0xFF, 0x67, 0xA3,
            0xC5, 0xFF, 0x66, 0xA1, 0xC4, 0xFF, 0x65, 0xA0, 0xC3, 0xFF, 0x64, 0x9E, 0xC2, 0xFF, 0x64, 0x9D,
            0xC1, 0xFF, 0x62, 0x9A, 0xBF, 0xFE, 0x65, 0x9D, 0xC5, 0xFE, 0x5F, 0x94, 0xBE, 0x43, 0x00, 0x00,
            0x00, 0x00, 0x55, 0xAA, 0xAA, 0x03, 0x7F, 0xBF, 0xBF, 0x04, 0x00, 0x00, 0x00, 0x00, 0x77, 0xC2,
            0xD7, 0x6D, 0x7F, 0xCD, 0xE3, 0xFF, 0x75, 0xBD, 0xD4, 0xFB, 0x75, 0xBD, 0xD4, 0xFF, 0x74, 0xBB,
            0xD3, 0xFF, 0x73, 0xBA, 0xD2, 0xFF, 0x73, 0xB8, 0xD1, 0xFF, 0x72, 0xB6, 0xD0, 0xFF, 0x71, 0xB5,
            0xCF, 0xFF, 0x70, 0xB3, 0xCE, 0xFF, 0x6F, 0xB2, 0xCD, 0xFF, 0x6E, 0xB0, 0xCC, 0xFF, 0x6D, 0xAE,
            0xCB, 0xFF, 0x6C, 0xAD, 0xCA, 0xFF, 0x6C, 0xAB, 0xCA, 0xFF, 0x6B, 0xAA, 0xC9, 0xFF, 0x6A, 0xA8,
            0xC8, 0xFF, 0x69, 0xA6, 0xC7, 0xFF, 0x68, 0xA5, 0xC6, 0xFF, 0x67, 0xA3, 0xC5, 0xFF, 0x66, 0xA2,
            0xC4, 0xFF, 0x65, 0xA0, 0xC3, 0xFF, 0x65, 0x9E, 0xC2, 0xFF, 0x64, 0x9D, 0xC1, 0xFF, 0x63, 0x9B,
            0xC0, 0xFF, 0x62, 0x99, 0xBE, 0xFE, 0x63, 0x9B, 0xC2, 0xFF, 0x60, 0x95, 0xB8, 0x3A, 0x00, 0x00,
            0x00, 0x00, 0x55, 0xAA, 0xAA, 0x03, 0x7F, 0xBF, 0xBF, 0x04, 0x00, 0x00, 0x00, 0x00, 0x77, 0xBF,
            0xD4, 0x6D, 0x7E, 0xCB, 0xE2, 0xFF, 0x74, 0xBC, 0xD3, 0xFB, 0x74, 0xBB, 0xD2, 0xFF, 0x73, 0xB9,
            0xD2, 0xFF, 0x72, 0xB8, 0xD1, 0xFF, 0x72, 0xB6, 0xD0, 0xFF, 0x71, 0xB5, 0xCF, 0xFF, 0x70, 0xB3,
            0xCE, 0xFF, 0x6F, 0xB1, 0xCD, 0xFF, 0x6E, 0xB0, 0xCC, 0xFF, 0x6D, 0xAE, 0xCB, 0xFF, 0x6C, 0xAD,
            0xCA, 0xFE, 0x6B, 0xAB, 0xC9, 0xFE, 0x6B, 0xA9, 0xC8, 0xFE, 0x6A, 0xA8, 0xC7, 0xFE, 0x69, 0xA6,
            0xC6, 0xFE, 0x68, 0xA5, 0xC5, 0xFE, 0x67, 0xA3, 0xC4, 0xFE, 0x66, 0xA1, 0xC4, 0xFE, 0x65, 0xA0,
            0xC3, 0xFE, 0x64, 0x9E, 0xC2, 0xFE, 0x64, 0x9D, 0xC1, 0xFE, 0x63, 0x9B, 0xC0, 0xFE, 0x61, 0x99,
            0xBE, 0xFB, 0x63, 0x9C, 0xC4, 0xFE, 0x60, 0x95, 0xBD, 0xE9, 0x5B, 0x91, 0xC8, 0x0E, 0x00, 0x00,
            0x00, 0x00, 0x00, 0xFF, 0xFF, 0x01, 0x7F, 0xBF, 0xBF, 0x04, 0x00, 0x00, 0x00, 0x00, 0x77, 0xC2,
            0xD7, 0x6D, 0x7E, 0xCB, 0xE4, 0xFF, 0x75, 0xBC, 0xD4, 0xFC, 0x75, 0xBC, 0xD4, 0xFF, 0x73, 0xBA,
            0xD3, 0xFF, 0x73, 0xB8, 0xD2, 0xFF, 0x72, 0xB7, 0xD1, 0xFF, 0x71, 0xB5, 0xD0, 0xFF, 0x70, 0xB3,
            0xCF, 0xFF, 0x6F, 0xB2, 0xCE, 0xFF, 0x6E, 0xB0, 0xCD, 0xFF, 0x6D, 0xAE, 0xCC, 0xFF, 0x6D, 0xAD,
            0xCC, 0xFF, 0x6C, 0xAC, 0xCB, 0xFF, 0x6B, 0xAA, 0xCA, 0xFF, 0x6A, 0xA9, 0xC9, 0xFF, 0x69, 0xA7,
            0xC8, 0xFF, 0x68, 0xA5, 0xC7, 0xFF, 0x68, 0xA4, 0xC6, 0xFF, 0x67, 0xA2, 0xC5, 0xFF, 0x66, 0xA1,
            0xC5, 0xFF, 0x65, 0x9F, 0xC4, 0xFF, 0x64, 0x9D, 0xC3, 0xFF, 0x63, 0x9B, 0xC1, 0xFF, 0x65, 0x9E,
            0xC6, 0xFF, 0x67, 0xA1, 0xCB, 0xFF, 0x5F, 0x95, 0xBC, 0x63, 0x00, 0x00, 0x00, 0x00, 0x55, 0x55,
            0xAA, 0x03, 0x00, 0x00, 0x00, 0x00, 0x7F, 0xBF, 0xBF, 0x04, 0x00, 0x00, 0x00, 0x00, 0x74, 0xBC,
            0xD4, 0x6B, 0x7A, 0xC5, 0xDC, 0xFC, 0x73, 0xB8, 0xD0, 0xF6, 0x71, 0xB6, 0xCF, 0xFB, 0x71, 0xB5,
            0xCD, 0xFC, 0x70, 0xB3, 0xCD, 0xFB, 0x6F, 0xB2, 0xCB, 0xFC, 0x6E, 0xB0, 0xCA, 0xFD, 0x6D, 0xAE,
            0xC9, 0xFD, 0x6C, 0xAD, 0xC9, 0xFD, 0x6C, 0xAB, 0xC7, 0xFF, 0x6B, 0xA9, 0xC6, 0xFE, 0x6A, 0xAA,
            0xC9, 0xF6, 0x6A, 0xA8, 0xC8, 0xF5, 0x68, 0xA6, 0xC7, 0xF6, 0x68, 0xA5, 0xC5, 0xF6, 0x67, 0xA3,
            0xC4, 0xF6, 0x66, 0xA1, 0xC3, 0xF6, 0x65, 0xA0, 0xC2, 0xF6, 0x64, 0x9F, 0xC2, 0xF6, 0x63, 0x9D,
            0xC1, 0xF6, 0x62, 0x9C, 0xC0, 0xF6, 0x62, 0x9A, 0xBF, 0xF6, 0x63, 0x9A, 0xC0, 0xF2, 0x63, 0x9B,
            0xC2, 0xD0, 0x5F, 0x94, 0xBB, 0x5B, 0x00, 0x00, 0x00, 0x00, 0x7F, 0x7F, 0x7F, 0x02, 0x00, 0x00,
            0x00, 0x00, 0x00, 0x00, 0x00, 0x00, 0x3F, 0x7F, 0x7F, 0x04, 0x00, 0x00, 0x00, 0x00, 0x59, 0x72,
            0x85, 0x69, 0x5E, 0x77, 0x8A, 0xF8, 0x5B, 0x71, 0x83, 0xF0, 0x5A, 0x70, 0x83, 0xF6, 0x59, 0x71,
            0x83, 0xF8, 0x59, 0x71, 0x83, 0xF7, 0x59, 0x71, 0x83, 0xF8, 0x59, 0x70, 0x83, 0xFB, 0x59, 0x70,
            0x83, 0xFB, 0x5A, 0x70, 0x83, 0xF9, 0x5C, 0x72, 0x86, 0xFF, 0x59, 0x70, 0x82, 0xE0, 0x63, 0x9B,
            0xB8, 0x24, 0x69, 0xA7, 0xCA, 0x1D, 0x62, 0x9C, 0xBD, 0x1F, 0x66, 0xA1, 0xC3, 0x1E, 0x66, 0xA1,
            0xC3, 0x1E, 0x66, 0xA1, 0xC3, 0x1E, 0x66, 0xA1, 0xC3, 0x1E, 0x66, 0x99, 0xC3, 0x1E, 0x66, 0x99,
            0xC3, 0x1E, 0x69, 0x9E, 0xC1, 0x1D, 0x66, 0x99, 0xBB, 0x1E, 0x66, 0xA3, 0xCC, 0x19, 0x00, 0x00,
            0x00, 0x01, 0x00, 0x00, 0x00, 0x00, 0xFF, 0xFF, 0xFF, 0x01, 0x00, 0x00, 0x00, 0x00, 0x00, 0x00,
            0x00, 0x00, 0x00, 0x00, 0x00, 0x00, 0x3F, 0x7F, 0x7F, 0x04, 0x00, 0x00, 0x00, 0x00, 0x58, 0x6A,
            0x7F, 0x6E, 0x5E, 0x72, 0x89, 0xFF, 0x57, 0x69, 0x80, 0xFD, 0x58, 0x6B, 0x80, 0xFF, 0x58, 0x6B,
            0x80, 0xFF, 0x58, 0x6B, 0x80, 0xFF, 0x58, 0x6B, 0x80, 0xFF, 0x58, 0x6B, 0x80, 0xFF, 0x58, 0x6B,
            0x80, 0xFF, 0x57, 0x6A, 0x7F, 0xFE, 0x5A, 0x6E, 0x83, 0xFE, 0x57, 0x6A, 0x7F, 0xDA, 0x00, 0x00,
            0x00, 0x00, 0x00, 0x00, 0x00, 0x00, 0x00, 0x00, 0x00, 0x00, 0x00, 0x00, 0x00, 0x00, 0x00, 0x00,
            0x00, 0x00, 0x00, 0x00, 0x00, 0x00, 0x00, 0x00, 0x00, 0x00, 0x00, 0x00, 0x00, 0x00, 0x00, 0x00,
            0x00, 0x00, 0x00, 0x00, 0x00, 0x00, 0x00, 0x00, 0x00, 0x00, 0x00, 0x00, 0x00, 0x00, 0x00, 0x00,
            0x00, 0x00, 0x55, 0xAA, 0xAA, 0x03, 0x00, 0x00, 0x00, 0x00, 0x00, 0x00, 0x00, 0x00, 0x00, 0x00,
            0x00, 0x00, 0x00, 0x00, 0x00, 0x00, 0x3F, 0x7F, 0x7F, 0x04, 0x00, 0x00, 0x00, 0x00, 0x5A, 0x72,
            0x8C, 0x6B, 0x5F, 0x78, 0x93, 0xFC, 0x59, 0x71, 0x8B, 0xF7, 0x59, 0x71, 0x8B, 0xFB, 0x59, 0x71,
            0x8A, 0xFC, 0x59, 0x71, 0x8A, 0xFC, 0x59, 0x71, 0x8A, 0xFC, 0x59, 0x71, 0x8A, 0xFC, 0x59, 0x71,
            0x8B, 0xFC, 0x58, 0x71, 0x8A, 0xF8, 0x60, 0x7A, 0x96, 0xFF, 0x59, 0x71, 0x8B, 0xB3, 0xFF, 0xFF,
            0xFF, 0x01, 0x3F, 0x7F, 0x7F, 0x04, 0x7F, 0x7F, 0x7F, 0x02, 0x7F, 0x7F, 0x7F, 0x02, 0x7F, 0x7F,
            0x7F, 0x02, 0x7F, 0x7F, 0x7F, 0x02, 0x7F, 0x7F, 0x7F, 0x02, 0x7F, 0x7F, 0x7F, 0x02, 0x7F, 0x7F,
            0x7F, 0x02, 0x7F, 0x7F, 0x7F, 0x02, 0x7F, 0x7F, 0x7F, 0x02, 0xFF, 0xFF, 0xFF, 0x01, 0x00, 0x00,
            0x00, 0x01, 0x00, 0x00, 0x00, 0x00, 0x00, 0x00, 0x00, 0x00, 0x00, 0x00, 0x00, 0x00, 0x00, 0x00,
            0x00, 0x00, 0x00, 0x00, 0x00, 0x00, 0x3F, 0x7F, 0x7F, 0x04, 0x00, 0x00, 0x00, 0x00, 0x58, 0x77,
            0x94, 0x73, 0x65, 0x85, 0xA7, 0xFF, 0x5E, 0x7A, 0x9B, 0xFF, 0x5F, 0x7D, 0x9D, 0xFF, 0x5F, 0x7D,
            0x9D, 0xFF, 0x5F, 0x7D, 0x9D, 0xFF, 0x5F, 0x7D, 0x9D, 0xFF, 0x5F, 0x7D, 0x9D, 0xFF, 0x5F, 0x7C,
            0x9C, 0xFF, 0x61, 0x7F, 0xA0, 0xFF, 0x5C, 0x78, 0x97, 0xEF, 0x5A, 0x74, 0x8F, 0x30, 0x00, 0x00,
            0x00, 0x00, 0x55, 0x55, 0x55, 0x03, 0x00, 0x00, 0x00, 0x00, 0x00, 0x00, 0x00, 0x00, 0x00, 0x00,
            0x00, 0x00, 0x00, 0x00, 0x00, 0x00, 0x00, 0x00, 0x00, 0x00, 0x00, 0x00, 0x00, 0x00, 0x00, 0x00,
            0x00, 0x00, 0x00, 0x00, 0x00, 0x00, 0x00, 0x00, 0x00, 0x00, 0x00, 0x00, 0x00, 0x00, 0x00, 0x00,
            0x00, 0x00, 0x00, 0x00, 0x00, 0x00, 0x00, 0x00, 0x00, 0x00, 0x00, 0x00, 0x00, 0x00, 0x00, 0x00,
            0x00, 0x00, 0x00, 0x00, 0x00, 0x00, 0x55, 0x55, 0x55, 0x03, 0x00, 0x00, 0x00, 0x00, 0x5A, 0x7A,
            0x9A, 0x4F, 0x60, 0x81, 0xA5, 0xB9, 0x5B, 0x7A, 0x9C, 0xB5, 0x5B, 0x79, 0x9C, 0xB8, 0x5B, 0x79,
            0x9C, 0xB8, 0x5B, 0x79, 0x9C, 0xB8, 0x5B, 0x79, 0x9C, 0xB8, 0x5A, 0x79, 0x9C, 0xB8, 0x5C, 0x7B,
            0x9E, 0xB6, 0x5E, 0x7D, 0xA0, 0x94, 0x5B, 0x75, 0x96, 0x27, 0x00, 0x00, 0x00, 0x00, 0x00, 0xFF,
            0xFF, 0x01, 0x00, 0x00, 0x00, 0x00, 0x00, 0x00, 0x00, 0x00, 0x00, 0x00, 0x00, 0x00, 0x00, 0x00,
            0x00, 0x00, 0x00, 0x00, 0x00, 0x00, 0x00, 0x00, 0x00, 0x00, 0x00, 0x00, 0x00, 0x00, 0x00, 0x00,
            0x00, 0x00, 0x00, 0x00, 0x00, 0x00, 0x00, 0x00, 0x00, 0x00, 0x00, 0x00, 0x00, 0x00, 0x00, 0x00,
            0x00, 0x00, 0x00, 0x00, 0x00, 0x00, 0x00, 0x00, 0x00, 0x00, 0x00, 0x00, 0x00, 0x00, 0x00, 0x00,
            0x00, 0x00, 0x00, 0x00, 0x00, 0x00, 0x00, 0x00, 0x00, 0x00, 0x00, 0x00, 0x00, 0x00, 0x00, 0x00,
            0x00, 0x00, 0x00, 0x00, 0x00, 0x00, 0x00, 0x00, 0x00, 0x00, 0x00, 0x00, 0x00, 0x00, 0x00, 0x00,
            0x00, 0x00, 0x00, 0x00, 0x00, 0x00, 0x00, 0x00, 0x00, 0x00, 0x00, 0x00, 0x00, 0x00, 0x00, 0x00,
            0x00, 0x00, 0x00, 0x00, 0x00, 0x00, 0x00, 0x00, 0x00, 0x00, 0x7F, 0x7F, 0x7F, 0x02, 0x00, 0x00,
            0x00, 0x00, 0x00, 0x00, 0x00, 0x00, 0x00, 0x00, 0x00, 0x00, 0x00, 0x00, 0x00, 0x00, 0x00, 0x00,
            0x00, 0x00, 0x00, 0x00, 0x00, 0x00, 0x00, 0x00, 0x00, 0x00, 0x00, 0x00, 0x00, 0x00, 0x00, 0x00,
            0x00, 0x00, 0x00, 0x00, 0x00, 0x00, 0x00, 0x00, 0x00, 0x00, 0x00, 0x00, 0x00, 0x00, 0x00, 0x00,
            0x00, 0x00, 0x00, 0x00, 0x00, 0x00, 0x00, 0x00, 0x00, 0x00, 0x00, 0x00, 0x00, 0x00, 0x00, 0x00,
            0x00, 0x00, 0x00, 0x00, 0x00, 0x00, 0x00, 0x00, 0x00, 0x00, 0x00, 0x00, 0x00, 0x00, 0x00, 0x00,
            0xFF, 0x01, 0x7F, 0x7F, 0x7F, 0x02, 0x7F, 0x7F, 0x7F, 0x02, 0x7F, 0x7F, 0x7F, 0x02, 0x7F, 0x7F,
            0x7F, 0x02, 0x7F, 0x7F, 0x7F, 0x02, 0x7F, 0x7F, 0x7F, 0x02, 0x7F, 0x7F, 0x7F, 0x02, 0x7F, 0x7F,
            0x7F, 0x02, 0x3F, 0x7F, 0x7F, 0x04, 0x7F, 0x7F, 0x7F, 0x02, 0x00, 0x00, 0x00, 0x00, 0x00, 0x00,
            0x00, 0x00, 0x00, 0x00, 0x00, 0x00, 0x00, 0x00, 0x00, 0x00, 0x00, 0x00, 0x00, 0x00, 0x00, 0x00,
            0x00, 0x00, 0x00, 0x00, 0x00, 0x00, 0x00, 0x00, 0x00, 0x00, 0x00, 0x00, 0x00, 0x00, 0x00, 0x00,
            0x00, 0x00, 0x00, 0x00, 0x00, 0x00, 0x00, 0x00, 0x00, 0x00, 0x00, 0x00, 0x00, 0x00, 0x00, 0x00,
            0x00, 0x00, 0x00, 0x00, 0x00, 0x00, 0x00, 0x00, 0x00, 0x00, 0x00, 0x00, 0x00, 0x00, 0x00, 0x00,
            0x00, 0x00, 0x00, 0x00, 0x00, 0x00, 0x00, 0x00, 0x00, 0x00, 0x00, 0x00, 0x00, 0x00, 0x00, 0x00,
            0x00, 0x00, 0x00, 0x00, 0x00, 0x00, 0x00, 0x00, 0x00, 0x00, 0x00, 0x00, 0x00, 0x00, 0x00, 0x00,
            0x00, 0x00, 0x00, 0x00, 0x00, 0x00, 0x00, 0x00, 0x00, 0x00, 0x00, 0x00, 0x00, 0x00, 0x00, 0x00,
            0x00, 0x00, 0x00, 0x00, 0x00, 0x00, 0x00, 0x00, 0x00, 0x00, 0x00, 0x00, 0x00, 0x00, 0x00, 0x00,
            0x00, 0x00, 0x00, 0x00, 0x00, 0x00, 0x00, 0x00, 0x00, 0x00, 0x00, 0x00, 0x00, 0x00, 0x00, 0x00,
            0x00, 0x00, 0x00, 0x00, 0x00, 0x00, 0x00, 0x00, 0x00, 0x00, 0x00, 0x00, 0x00, 0x00, 0x00, 0x00,
            0x00, 0x00, 0x00, 0x00, 0x00, 0x00, 0x00, 0x00, 0x00, 0x00, 0x00, 0x00, 0x00, 0x00, 0x00, 0x00,
            0x00, 0x00, 0x00, 0x00, 0x00, 0x00, 0x00, 0x00, 0x00, 0x00, 0x00, 0x00, 0x00, 0x00, 0x00, 0x00,
            0x00, 0x00, 0x00, 0x00, 0x00, 0x00
        };


        private static readonly byte[] ConsoleBmp =
        {
            0x42, 0x4D, 0x36, 0x10, 0x00, 0x00, 0x00, 0x00, 0x00, 0x00, 0x36, 0x00, 0x00, 0x00, 0x28, 0x00,
            0x00, 0x00, 0x20, 0x00, 0x00, 0x00, 0x20, 0x00, 0x00, 0x00, 0x01, 0x00, 0x20, 0x00, 0x00, 0x00,
            0x00, 0x00, 0x00, 0x10, 0x00, 0x00, 0x00, 0x00, 0x00, 0x00, 0x00, 0x00, 0x00, 0x00, 0x00, 0x00,
            0x00, 0x00, 0x00, 0x00, 0x00, 0x00, 0x00, 0x00, 0x00, 0x00, 0x00, 0x00, 0x00, 0x00, 0x00, 0x00,
            0x00, 0x00, 0x00, 0x00, 0x00, 0x00, 0x00, 0x00, 0x00, 0x00, 0x00, 0x00, 0x00, 0x00, 0x00, 0x00,
            0x00, 0x00, 0x00, 0x00, 0x00, 0x00, 0x00, 0x00, 0x00, 0x00, 0x00, 0x00, 0x00, 0x00, 0x00, 0x00,
            0x00, 0x00, 0x00, 0x00, 0x00, 0x00, 0x00, 0x00, 0x00, 0x00, 0x00, 0x00, 0x00, 0x00, 0x00, 0x00,
            0x00, 0x00, 0x00, 0x00, 0x00, 0x00, 0x00, 0x00, 0x00, 0x00, 0x00, 0x00, 0x00, 0x00, 0x00, 0x00,
            0x00, 0x00, 0x00, 0x00, 0x00, 0x00, 0x00, 0x00, 0x00, 0x00, 0x00, 0x00, 0x00, 0x00, 0x00, 0x00,
            0x00, 0x00, 0x00, 0x00, 0x00, 0x00, 0x00, 0x00, 0x00, 0x00, 0x00, 0x00, 0x00, 0x00, 0x00, 0x00,
            0x00, 0x00, 0x00, 0x00, 0x00, 0x00, 0x00, 0x00, 0x00, 0x00, 0x00, 0x00, 0x00, 0x00, 0x00, 0x00,
            0x00, 0x00, 0x00, 0x00, 0x00, 0x00, 0x00, 0x00, 0x00, 0x00, 0x00, 0x00, 0x00, 0x00, 0x00, 0x00,
            0x00, 0x00, 0x00, 0x00, 0x00, 0x00, 0x00, 0x00, 0x00, 0x00, 0x00, 0x00, 0x00, 0x00, 0x00, 0x00,
            0x00, 0x00, 0x00, 0x00, 0x00, 0x00, 0x00, 0x00, 0x00, 0x00, 0x00, 0x00, 0x00, 0x00, 0x00, 0x00,
            0x00, 0x00, 0x00, 0x00, 0x00, 0x00, 0x00, 0x00, 0x00, 0x00, 0x00, 0x00, 0x00, 0x00, 0x00, 0x00,
            0x00, 0x00, 0xFF, 0xFF, 0xFF, 0x01, 0xFF, 0xFF, 0xFF, 0x01, 0xFF, 0xFF, 0xFF, 0x01, 0xFF, 0xFF,
            0xFF, 0x01, 0xFF, 0xFF, 0xFF, 0x01, 0xFF, 0xFF, 0xFF, 0x01, 0xFF, 0xFF, 0xFF, 0x01, 0xFF, 0xFF,
            0xFF, 0x01, 0xFF, 0xFF, 0xFF, 0x01, 0x00, 0x00, 0x00, 0x00, 0x00, 0x00, 0x00, 0x00, 0x00, 0x00,
            0x00, 0x00, 0x00, 0x00, 0x00, 0x00, 0x00, 0x00, 0x00, 0x00, 0x00, 0x00, 0x00, 0x00, 0x00, 0x00,
            0x00, 0x00, 0x00, 0x00, 0x00, 0x00, 0x00, 0x00, 0x00, 0x00, 0x00, 0x00, 0x00, 0x00, 0x00, 0x00,
            0x00, 0x00, 0x00, 0x00, 0x00, 0x00, 0x00, 0x00, 0x00, 0x00, 0xFF, 0xFF, 0xFF, 0x01, 0xFF, 0xFF,
            0xFF, 0x01, 0x00, 0x00, 0x00, 0x00, 0x00, 0x00, 0x00, 0x00, 0x00, 0x00, 0x00, 0x00, 0x00, 0x00,
            0x00, 0x00, 0x00, 0x00, 0x00, 0x00, 0x00, 0x00, 0x00, 0x00, 0x00, 0x00, 0x00, 0x00, 0x00, 0x00,
            0x00, 0x00, 0x00, 0x00, 0x00, 0x00, 0x00, 0x00, 0x00, 0x00, 0x00, 0x00, 0x00, 0x00, 0x00, 0x00,
            0x00, 0x00, 0x00, 0x00, 0x00, 0x00, 0x00, 0x00, 0x00, 0x00, 0x00, 0x00, 0x00, 0x00, 0x00, 0x00,
            0x00, 0x00, 0x00, 0x00, 0x00, 0x00, 0x00, 0x00, 0x00, 0x00, 0xFF, 0xFF, 0xFF, 0x01, 0xFF, 0xFF,
            0xFF, 0x01, 0x00, 0x00, 0x00, 0x00, 0x00, 0x00, 0x00, 0x00, 0x00, 0x00, 0x00, 0x00, 0x00, 0x00,
            0x00, 0x00, 0x00, 0x00, 0x00, 0x00, 0x00, 0x00, 0x00, 0x00, 0x00, 0x00, 0x00, 0x00, 0x00, 0x00,
            0x00, 0x00, 0x00, 0x00, 0x00, 0x00, 0xFF, 0xFF, 0xFF, 0x01, 0x00, 0x00, 0x00, 0x00, 0x00, 0x00,
            0x00, 0x00, 0xFF, 0xFF, 0xFF, 0x05, 0xFF, 0xFF, 0xFF, 0x08, 0xFF, 0xFF, 0xFF, 0x08, 0xFF, 0xFF,
            0xFF, 0x08, 0xFF, 0xFF, 0xFF, 0x08, 0xFF, 0xFF, 0xFF, 0x08, 0xFF, 0xFF, 0xFF, 0x09, 0xFF, 0xFF,
            0xFF, 0x09, 0xFF, 0xFF, 0xFF, 0x09, 0xFF, 0xFF, 0xFF, 0x09, 0xFF, 0xFF, 0xFF, 0x0A, 0xFF, 0xFF,
            0xFF, 0x0A, 0xFF, 0xFF, 0xFF, 0x0A, 0xFF, 0xFF, 0xFF, 0x0A, 0xFF, 0xFF, 0xFF, 0x0A, 0xFF, 0xFF,
            0xFF, 0x0B, 0xFF, 0xFF, 0xFF, 0x0B, 0xFF, 0xFF, 0xFF, 0x09, 0x00, 0x00, 0x00, 0x00, 0x00, 0x00,
            0x00, 0x00, 0xFF, 0xFF, 0xFF, 0x01, 0x00, 0x00, 0x00, 0x00, 0x00, 0x00, 0x00, 0x00, 0x00, 0x00,
            0x00, 0x00, 0x00, 0x00, 0x00, 0x00, 0x00, 0x00, 0x00, 0x00, 0x00, 0x00, 0x00, 0x00, 0x00, 0x00,
            0x00, 0x00, 0xFF, 0xFF, 0xFF, 0x01, 0x00, 0x00, 0x00, 0x00, 0xFF, 0xFF, 0xFF, 0x12, 0xFF, 0xFF,
            0xFF, 0x4F, 0xFF, 0xFF, 0xFF, 0x67, 0xFF, 0xFF, 0xFF, 0x6A, 0xFF, 0xFF, 0xFF, 0x6A, 0xFF, 0xFF,
            0xFF, 0x6A, 0xFF, 0xFF, 0xFF, 0x6A, 0xFF, 0xFF, 0xFF, 0x69, 0xFF, 0xFF, 0xFF, 0x69, 0xFF, 0xFF,
            0xFF, 0x69, 0xFF, 0xFF, 0xFF, 0x69, 0xFF, 0xFF, 0xFF, 0x69, 0xFF, 0xFF, 0xFF, 0x68, 0xFF, 0xFF,
            0xFF, 0x68, 0xFF, 0xFF, 0xFF, 0x68, 0xFF, 0xFF, 0xFF, 0x68, 0xFF, 0xFF, 0xFF, 0x68, 0xFF, 0xFF,
            0xFF, 0x68, 0xFF, 0xFF, 0xFF, 0x68, 0xFF, 0xFF, 0xFF, 0x66, 0xFF, 0xFF, 0xFF, 0x57, 0xFF, 0xFF,
            0xFF, 0x18, 0x00, 0x00, 0x00, 0x00, 0xFF, 0xFF, 0xFF, 0x01, 0x00, 0x00, 0x00, 0x00, 0x00, 0x00,
            0x00, 0x00, 0x00, 0x00, 0x00, 0x00, 0x00, 0x00, 0x00, 0x00, 0x00, 0x00, 0x00, 0x00, 0xFF, 0xFF,
            0xFF, 0x01, 0x00, 0x00, 0x00, 0x00, 0xFF, 0xFF, 0xFF, 0x13, 0xFF, 0xFF, 0xFF, 0x6D, 0xFF, 0xFF,
            0xFF, 0x7A, 0xFF, 0xFF, 0xFF, 0x71, 0xFF, 0xFF, 0xFF, 0x6F, 0xFF, 0xFF, 0xFF, 0x6D, 0xFF, 0xFF,
            0xFF, 0x6B, 0xFF, 0xFF, 0xFF, 0x69, 0xFF, 0xFF, 0xFF, 0x67, 0xFF, 0xFF, 0xFF, 0x65, 0xFF, 0xFF,
            0xFF, 0x63, 0xFF, 0xFF, 0xFF, 0x62, 0xFF, 0xFF, 0xFF, 0x60, 0xFF, 0xFF, 0xFF, 0x5E, 0xFF, 0xFF,
            0xFF, 0x5C, 0xFF, 0xFF, 0xFF, 0x5A, 0xFF, 0xFF, 0xFF, 0x58, 0xFF, 0xFF, 0xFF, 0x56, 0xFF, 0xFF,
            0xFF, 0x54, 0xFF, 0xFF, 0xFF, 0x52, 0xFF, 0xFF, 0xFF, 0x51, 0xFF, 0xFF, 0xFF, 0x5E, 0xFF, 0xFF,
            0xFF, 0x70, 0xFF, 0xFF, 0xFF, 0x18, 0x00, 0x00, 0x00, 0x00, 0xFF, 0xFF, 0xFF, 0x01, 0x00, 0x00,
            0x00, 0x00, 0x00, 0x00, 0x00, 0x00, 0x00, 0x00, 0x00, 0x00, 0x00, 0x00, 0x00, 0x00, 0xFF, 0xFF,
            0xFF, 0x01, 0x00, 0x00, 0x00, 0x00, 0xFF, 0xFF, 0xFF, 0x55, 0xFF, 0xFF, 0xFF, 0x7E, 0xFF, 0xFF,
            0xFF, 0x6F, 0xFF, 0xFF, 0xFF, 0x71, 0xFF, 0xFF, 0xFF, 0x6F, 0xFF, 0xFF, 0xFF, 0x6C, 0xFF, 0xFF,
            0xFF, 0x6C, 0xFF, 0xFF, 0xFF, 0x6A, 0xFF, 0xFF, 0xFF, 0x68, 0xFF, 0xFF, 0xFF, 0x66, 0xFF, 0xFF,
            0xFF, 0x64, 0xFF, 0xFF, 0xFF, 0x63, 0xFF, 0xFF, 0xFF, 0x62, 0xFF, 0xFF, 0xFF, 0x5E, 0xFF, 0xFF,
            0xFF, 0x5C, 0xFF, 0xFF, 0xFF, 0x5B, 0xFF, 0xFF, 0xFF, 0x59, 0xFF, 0xFF, 0xFF, 0x57, 0xFF, 0xFF,
            0xFF, 0x55, 0xFF, 0xFF, 0xFF, 0x55, 0xFF, 0xFF, 0xFF, 0x54, 0xFF, 0xFF, 0xFF, 0x4A, 0xFF, 0xFF,
            0xFF, 0x5E, 0xFF, 0xFF, 0xFF, 0x57, 0x00, 0x00, 0x00, 0x00, 0xFF, 0xFF, 0xFF, 0x01, 0x00, 0x00,
            0x00, 0x00, 0x00, 0x00, 0x00, 0x00, 0x00, 0x00, 0x00, 0x00, 0x00, 0x00, 0x00, 0x00, 0x00, 0x00,
            0x00, 0x00, 0xFF, 0xFF, 0xFF, 0x06, 0xFF, 0xFF, 0xFF, 0x74, 0xFF, 0xFF, 0xFF, 0x78, 0xFF, 0xFF,
            0xFF, 0x74, 0xFF, 0xFF, 0xFF, 0x72, 0xFF, 0xFF, 0xFF, 0x70, 0xFF, 0xFF, 0xFF, 0x72, 0xFF, 0xFF,
            0xFF, 0x6A, 0xFF, 0xFF, 0xFF, 0x6C, 0xFF, 0xFF, 0xFF, 0x6A, 0xFF, 0xFF, 0xFF, 0x68, 0xFF, 0xFF,
            0xFF, 0x67, 0xFF, 0xFF, 0xFF, 0x64, 0xFF, 0xFF, 0xFF, 0x60, 0xFF, 0xFF, 0xFF, 0x66, 0xFF, 0xFF,
            0xFF, 0x64, 0xFF, 0xFF, 0xFF, 0x62, 0xFF, 0xFF, 0xFF, 0x61, 0xFF, 0xFF, 0xFF, 0x5F, 0xFF, 0xFF,
            0xFF, 0x5E, 0xFF, 0xFF, 0xFF, 0x54, 0xFF, 0xFF, 0xFF, 0x54, 0xFF, 0xFF, 0xFF, 0x54, 0xFF, 0xFF,
            0xFF, 0x51, 0xFF, 0xFF, 0xFF, 0x67, 0xFF, 0xFF, 0xFF, 0x08, 0x00, 0x00, 0x00, 0x00, 0x00, 0x00,
            0x00, 0x00, 0x00, 0x00, 0x00, 0x00, 0x00, 0x00, 0x00, 0x00, 0xFF, 0xFF, 0xFF, 0x01, 0x00, 0x00,
            0x00, 0x00, 0xFF, 0xFF, 0xFF, 0x0A, 0xFF, 0xFF, 0xFF, 0x7B, 0xFF, 0xFF, 0xFF, 0x79, 0xFF, 0xFF,
            0xFF, 0x76, 0xFF, 0xFF, 0xFF, 0x73, 0xFF, 0xFF, 0xFF, 0x9D, 0xFF, 0xFF, 0xFF, 0xBB, 0xFF, 0xFF,
            0xFF, 0x8B, 0xFF, 0xFF, 0xFF, 0x68, 0xFF, 0xFF, 0xFF, 0x6D, 0xFF, 0xFF, 0xFF, 0x6A, 0xFF, 0xFF,
            0xFF, 0x68, 0xFF, 0xFF, 0xFF, 0x65, 0xFF, 0xFF, 0xFF, 0x9B, 0xFF, 0xFF, 0xFF, 0xB5, 0xFF, 0xFF,
            0xFF, 0xA8, 0xFF, 0xFF, 0xFF, 0xA3, 0xFF, 0xFF, 0xFF, 0xA5, 0xFF, 0xFF, 0xFF, 0xA6, 0xFF, 0xFF,
            0xFF, 0xAC, 0xFF, 0xFF, 0xFF, 0x8D, 0xFF, 0xFF, 0xFF, 0x55, 0xFF, 0xFF, 0xFF, 0x55, 0xFF, 0xFF,
            0xFF, 0x52, 0xFF, 0xFF, 0xFF, 0x68, 0xFF, 0xFF, 0xFF, 0x0B, 0x00, 0x00, 0x00, 0x00, 0xFF, 0xFF,
            0xFF, 0x01, 0x00, 0x00, 0x00, 0x00, 0x00, 0x00, 0x00, 0x00, 0xFF, 0xFF, 0xFF, 0x01, 0x00, 0x00,
            0x00, 0x00, 0xFF, 0xFF, 0xFF, 0x0A, 0xFF, 0xFF, 0xFF, 0x7E, 0xFF, 0xFF, 0xFF, 0x7B, 0xFF, 0xFF,
            0xFF, 0x77, 0xFF, 0xFF, 0xFF, 0x78, 0xFF, 0xFF, 0xFF, 0xB7, 0xFF, 0xFF, 0xFF, 0xC0, 0xFF, 0xFF,
            0xFF, 0xBE, 0xFF, 0xFF, 0xFF, 0x84, 0xFF, 0xFF, 0xFF, 0x68, 0xFF, 0xFF, 0xFF, 0x6E, 0xFF, 0xFF,
            0xFF, 0x69, 0xFF, 0xFF, 0xFF, 0x6C, 0xFF, 0xFF, 0xFF, 0xC7, 0xFF, 0xFF, 0xFF, 0xCC, 0xFF, 0xFF,
            0xFF, 0xBF, 0xFF, 0xFF, 0xFF, 0xB6, 0xFF, 0xFF, 0xFF, 0xB0, 0xFF, 0xFF, 0xFF, 0xB0, 0xFF, 0xFF,
            0xFF, 0xB6, 0xFF, 0xFF, 0xFF, 0xAD, 0xFF, 0xFF, 0xFF, 0x5C, 0xFF, 0xFF, 0xFF, 0x55, 0xFF, 0xFF,
            0xFF, 0x54, 0xFF, 0xFF, 0xFF, 0x68, 0xFF, 0xFF, 0xFF, 0x0B, 0x00, 0x00, 0x00, 0x00, 0xFF, 0xFF,
            0xFF, 0x01, 0x00, 0x00, 0x00, 0x00, 0x00, 0x00, 0x00, 0x00, 0xFF, 0xFF, 0xFF, 0x01, 0x00, 0x00,
            0x00, 0x00, 0xFF, 0xFF, 0xFF, 0x0B, 0xFF, 0xFF, 0xFF, 0x83, 0xFF, 0xFF, 0xFF, 0x7D, 0xFF, 0xFF,
            0xFF, 0x7A, 0xFF, 0xFF, 0xFF, 0x75, 0xFF, 0xFF, 0xFF, 0x93, 0xFF, 0xFF, 0xFF, 0xBD, 0xFF, 0xFF,
            0xFF, 0xBD, 0xFF, 0xFF, 0xFF, 0xBA, 0xFF, 0xFF, 0xFF, 0x7B, 0xFF, 0xFF, 0xFF, 0x6A, 0xFF, 0xFF,
            0xFF, 0x6E, 0xFF, 0xFF, 0xFF, 0x67, 0xFF, 0xFF, 0xFF, 0x89, 0xFF, 0xFF, 0xFF, 0xAA, 0xFF, 0xFF,
            0xFF, 0xA1, 0xFF, 0xFF, 0xFF, 0x9B, 0xFF, 0xFF, 0xFF, 0x94, 0xFF, 0xFF, 0xFF, 0x90, 0xFF, 0xFF,
            0xFF, 0x93, 0xFF, 0xFF, 0xFF, 0x75, 0xFF, 0xFF, 0xFF, 0x57, 0xFF, 0xFF, 0xFF, 0x59, 0xFF, 0xFF,
            0xFF, 0x56, 0xFF, 0xFF, 0xFF, 0x68, 0xFF, 0xFF, 0xFF, 0x0A, 0x00, 0x00, 0x00, 0x00, 0xFF, 0xFF,
            0xFF, 0x01, 0x00, 0x00, 0x00, 0x00, 0x00, 0x00, 0x00, 0x00, 0xFF, 0xFF, 0xFF, 0x01, 0x00, 0x00,
            0x00, 0x00, 0xFF, 0xFF, 0xFF, 0x0B, 0xFF, 0xFF, 0xFF, 0x86, 0xFF, 0xFF, 0xFF, 0x7E, 0xFF, 0xFF,
            0xFF, 0x7B, 0xFF, 0xFF, 0xFF, 0x7A, 0xFF, 0xFF, 0xFF, 0x74, 0xFF, 0xFF, 0xFF, 0x9C, 0xFF, 0xFF,
            0xFF, 0xBE, 0xFF, 0xFF, 0xFF, 0xBE, 0xFF, 0xFF, 0xFF, 0xB4, 0xFF, 0xFF, 0xFF, 0x74, 0xFF, 0xFF,
            0xFF, 0x6B, 0xFF, 0xFF, 0xFF, 0x6D, 0xFF, 0xFF, 0xFF, 0x65, 0xFF, 0xFF, 0xFF, 0x61, 0xFF, 0xFF,
            0xFF, 0x60, 0xFF, 0xFF, 0xFF, 0x5F, 0xFF, 0xFF, 0xFF, 0x5E, 0xFF, 0xFF, 0xFF, 0x5D, 0xFF, 0xFF,
            0xFF, 0x5A, 0xFF, 0xFF, 0xFF, 0x5A, 0xFF, 0xFF, 0xFF, 0x5C, 0xFF, 0xFF, 0xFF, 0x5A, 0xFF, 0xFF,
            0xFF, 0x58, 0xFF, 0xFF, 0xFF, 0x68, 0xFF, 0xFF, 0xFF, 0x0A, 0x00, 0x00, 0x00, 0x00, 0xFF, 0xFF,
            0xFF, 0x01, 0x00, 0x00, 0x00, 0x00, 0x00, 0x00, 0x00, 0x00, 0xFF, 0xFF, 0xFF, 0x01, 0x00, 0x00,
            0x00, 0x00, 0xFF, 0xFF, 0xFF, 0x0C, 0xFF, 0xFF, 0xFF, 0x8A, 0xFF, 0xFF, 0xFF, 0x80, 0xFF, 0xFF,
            0xFF, 0x7D, 0xFF, 0xFF, 0xFF, 0x7C, 0xFF, 0xFF, 0xFF, 0x7A, 0xFF, 0xFF, 0xFF, 0x75, 0xFF, 0xFF,
            0xFF, 0xA5, 0xFF, 0xFF, 0xFF, 0xBE, 0xFF, 0xFF, 0xFF, 0xBF, 0xFF, 0xFF, 0xFF, 0xAB, 0xFF, 0xFF,
            0xFF, 0x70, 0xFF, 0xFF, 0xFF, 0x6D, 0xFF, 0xFF, 0xFF, 0x6D, 0xFF, 0xFF, 0xFF, 0x6B, 0xFF, 0xFF,
            0xFF, 0x6A, 0xFF, 0xFF, 0xFF, 0x68, 0xFF, 0xFF, 0xFF, 0x66, 0xFF, 0xFF, 0xFF, 0x64, 0xFF, 0xFF,
            0xFF, 0x62, 0xFF, 0xFF, 0xFF, 0x60, 0xFF, 0xFF, 0xFF, 0x5E, 0xFF, 0xFF, 0xFF, 0x5C, 0xFF, 0xFF,
            0xFF, 0x5A, 0xFF, 0xFF, 0xFF, 0x68, 0xFF, 0xFF, 0xFF, 0x0A, 0x00, 0x00, 0x00, 0x00, 0xFF, 0xFF,
            0xFF, 0x01, 0x00, 0x00, 0x00, 0x00, 0x00, 0x00, 0x00, 0x00, 0xFF, 0xFF, 0xFF, 0x01, 0x00, 0x00,
            0x00, 0x00, 0xFF, 0xFF, 0xFF, 0x0C, 0xFF, 0xFF, 0xFF, 0x8D, 0xFF, 0xFF, 0xFF, 0x81, 0xFF, 0xFF,
            0xFF, 0x7F, 0xFF, 0xFF, 0xFF, 0x7D, 0xFF, 0xFF, 0xFF, 0x7C, 0xFF, 0xFF, 0xFF, 0x79, 0xFF, 0xFF,
            0xFF, 0x78, 0xFF, 0xFF, 0xFF, 0xAA, 0xFF, 0xFF, 0xFF, 0xBB, 0xFF, 0xFF, 0xFF, 0xC2, 0xFF, 0xFF,
            0xFF, 0x99, 0xFF, 0xFF, 0xFF, 0x6A, 0xFF, 0xFF, 0xFF, 0x6E, 0xFF, 0xFF, 0xFF, 0x6C, 0xFF, 0xFF,
            0xFF, 0x6A, 0xFF, 0xFF, 0xFF, 0x68, 0xFF, 0xFF, 0xFF, 0x66, 0xFF, 0xFF, 0xFF, 0x65, 0xFF, 0xFF,
            0xFF, 0x63, 0xFF, 0xFF, 0xFF, 0x61, 0xFF, 0xFF, 0xFF, 0x5F, 0xFF, 0xFF, 0xFF, 0x5E, 0xFF, 0xFF,
            0xFF, 0x5C, 0xFF, 0xFF, 0xFF, 0x68, 0xFF, 0xFF, 0xFF, 0x0A, 0x00, 0x00, 0x00, 0x00, 0xFF, 0xFF,
            0xFF, 0x01, 0x00, 0x00, 0x00, 0x00, 0x00, 0x00, 0x00, 0x00, 0xFF, 0xFF, 0xFF, 0x01, 0x00, 0x00,
            0x00, 0x00, 0xFF, 0xFF, 0xFF, 0x0D, 0xFF, 0xFF, 0xFF, 0x90, 0xFF, 0xFF, 0xFF, 0x83, 0xFF, 0xFF,
            0xFF, 0x81, 0xFF, 0xFF, 0xFF, 0x7F, 0xFF, 0xFF, 0xFF, 0x7E, 0xFF, 0xFF, 0xFF, 0x7B, 0xFF, 0xFF,
            0xFF, 0x7A, 0xFF, 0xFF, 0xFF, 0xA9, 0xFF, 0xFF, 0xFF, 0xBA, 0xFF, 0xFF, 0xFF, 0xC0, 0xFF, 0xFF,
            0xFF, 0x9A, 0xFF, 0xFF, 0xFF, 0x6C, 0xFF, 0xFF, 0xFF, 0x70, 0xFF, 0xFF, 0xFF, 0x6D, 0xFF, 0xFF,
            0xFF, 0x6C, 0xFF, 0xFF, 0xFF, 0x6A, 0xFF, 0xFF, 0xFF, 0x68, 0xFF, 0xFF, 0xFF, 0x66, 0xFF, 0xFF,
            0xFF, 0x65, 0xFF, 0xFF, 0xFF, 0x63, 0xFF, 0xFF, 0xFF, 0x61, 0xFF, 0xFF, 0xFF, 0x5F, 0xFF, 0xFF,
            0xFF, 0x5E, 0xFF, 0xFF, 0xFF, 0x68, 0xFF, 0xFF, 0xFF, 0x0A, 0x00, 0x00, 0x00, 0x00, 0xFF, 0xFF,
            0xFF, 0x01, 0x00, 0x00, 0x00, 0x00, 0x00, 0x00, 0x00, 0x00, 0xFF, 0xFF, 0xFF, 0x01, 0x00, 0x00,
            0x00, 0x00, 0xFF, 0xFF, 0xFF, 0x0D, 0xFF, 0xFF, 0xFF, 0x94, 0xFF, 0xFF, 0xFF, 0x85, 0xFF, 0xFF,
            0xFF, 0x82, 0xFF, 0xFF, 0xFF, 0x81, 0xFF, 0xFF, 0xFF, 0x80, 0xFF, 0xFF, 0xFF, 0x7B, 0xFF, 0xFF,
            0xFF, 0xA6, 0xFF, 0xFF, 0xFF, 0xBB, 0xFF, 0xFF, 0xFF, 0xBB, 0xFF, 0xFF, 0xFF, 0xA9, 0xFF, 0xFF,
            0xFF, 0x75, 0xFF, 0xFF, 0xFF, 0x72, 0xFF, 0xFF, 0xFF, 0x71, 0xFF, 0xFF, 0xFF, 0x6F, 0xFF, 0xFF,
            0xFF, 0x6D, 0xFF, 0xFF, 0xFF, 0x6C, 0xFF, 0xFF, 0xFF, 0x6A, 0xFF, 0xFF, 0xFF, 0x68, 0xFF, 0xFF,
            0xFF, 0x66, 0xFF, 0xFF, 0xFF, 0x65, 0xFF, 0xFF, 0xFF, 0x63, 0xFF, 0xFF, 0xFF, 0x61, 0xFF, 0xFF,
            0xFF, 0x60, 0xFF, 0xFF, 0xFF, 0x69, 0xFF, 0xFF, 0xFF, 0x09, 0x00, 0x00, 0x00, 0x00, 0xFF, 0xFF,
            0xFF, 0x01, 0x00, 0x00, 0x00, 0x00, 0x00, 0x00, 0x00, 0x00, 0xFF, 0xFF, 0xFF, 0x01, 0x00, 0x00,
            0x00, 0x00, 0xFF, 0xFF, 0xFF, 0x0E, 0xFF, 0xFF, 0xFF, 0x97, 0xFF, 0xFF, 0xFF, 0x87, 0xFF, 0xFF,
            0xFF, 0x84, 0xFF, 0xFF, 0xFF, 0x83, 0xFF, 0xFF, 0xFF, 0x7C, 0xFF, 0xFF, 0xFF, 0xA6, 0xFF, 0xFF,
            0xFF, 0xC3, 0xFF, 0xFF, 0xFF, 0xBA, 0xFF, 0xFF, 0xFF, 0xB0, 0xFF, 0xFF, 0xFF, 0x7C, 0xFF, 0xFF,
            0xFF, 0x74, 0xFF, 0xFF, 0xFF, 0x75, 0xFF, 0xFF, 0xFF, 0x73, 0xFF, 0xFF, 0xFF, 0x71, 0xFF, 0xFF,
            0xFF, 0x6F, 0xFF, 0xFF, 0xFF, 0x6D, 0xFF, 0xFF, 0xFF, 0x6C, 0xFF, 0xFF, 0xFF, 0x6A, 0xFF, 0xFF,
            0xFF, 0x68, 0xFF, 0xFF, 0xFF, 0x66, 0xFF, 0xFF, 0xFF, 0x65, 0xFF, 0xFF, 0xFF, 0x63, 0xFF, 0xFF,
            0xFF, 0x62, 0xFF, 0xFF, 0xFF, 0x69, 0xFF, 0xFF, 0xFF, 0x09, 0x00, 0x00, 0x00, 0x00, 0xFF, 0xFF,
            0xFF, 0x01, 0x00, 0x00, 0x00, 0x00, 0x00, 0x00, 0x00, 0x00, 0xFF, 0xFF, 0xFF, 0x01, 0x00, 0x00,
            0x00, 0x00, 0xFF, 0xFF, 0xFF, 0x0E, 0xFF, 0xFF, 0xFF, 0x9B, 0xFF, 0xFF, 0xFF, 0x88, 0xFF, 0xFF,
            0xFF, 0x87, 0xFF, 0xFF, 0xFF, 0x81, 0xFF, 0xFF, 0xFF, 0xA3, 0xFF, 0xFF, 0xFF, 0xCE, 0xFF, 0xFF,
            0xFF, 0xC6, 0xFF, 0xFF, 0xFF, 0xBC, 0xFF, 0xFF, 0xFF, 0x85, 0xFF, 0xFF, 0xFF, 0x77, 0xFF, 0xFF,
            0xFF, 0x79, 0xFF, 0xFF, 0xFF, 0x76, 0xFF, 0xFF, 0xFF, 0x75, 0xFF, 0xFF, 0xFF, 0x73, 0xFF, 0xFF,
            0xFF, 0x71, 0xFF, 0xFF, 0xFF, 0x6F, 0xFF, 0xFF, 0xFF, 0x6D, 0xFF, 0xFF, 0xFF, 0x6C, 0xFF, 0xFF,
            0xFF, 0x6A, 0xFF, 0xFF, 0xFF, 0x68, 0xFF, 0xFF, 0xFF, 0x66, 0xFF, 0xFF, 0xFF, 0x64, 0xFF, 0xFF,
            0xFF, 0x63, 0xFF, 0xFF, 0xFF, 0x69, 0xFF, 0xFF, 0xFF, 0x09, 0x00, 0x00, 0x00, 0x00, 0x00, 0x00,
            0x00, 0x00, 0x00, 0x00, 0x00, 0x00, 0x00, 0x00, 0x00, 0x00, 0xFF, 0xFF, 0xFF, 0x01, 0x00, 0x00,
            0x00, 0x00, 0xFF, 0xFF, 0xFF, 0x0F, 0xFF, 0xFF, 0xFF, 0x9E, 0xFF, 0xFF, 0xFF, 0x8A, 0xFF, 0xFF,
            0xFF, 0x87, 0xFF, 0xFF, 0xFF, 0x8A, 0xFF, 0xFF, 0xFF, 0xD1, 0xFF, 0xFF, 0xFF, 0xD4, 0xFF, 0xFF,
            0xFF, 0xCB, 0xFF, 0xFF, 0xFF, 0x92, 0xFF, 0xFF, 0xFF, 0x79, 0xFF, 0xFF, 0xFF, 0x7D, 0xFF, 0xFF,
            0xFF, 0x7A, 0xFF, 0xFF, 0xFF, 0x78, 0xFF, 0xFF, 0xFF, 0x76, 0xFF, 0xFF, 0xFF, 0x75, 0xFF, 0xFF,
            0xFF, 0x73, 0xFF, 0xFF, 0xFF, 0x71, 0xFF, 0xFF, 0xFF, 0x6F, 0xFF, 0xFF, 0xFF, 0x6D, 0xFF, 0xFF,
            0xFF, 0x6C, 0xFF, 0xFF, 0xFF, 0x6A, 0xFF, 0xFF, 0xFF, 0x68, 0xFF, 0xFF, 0xFF, 0x66, 0xFF, 0xFF,
            0xFF, 0x65, 0xFF, 0xFF, 0xFF, 0x69, 0xFF, 0xFF, 0xFF, 0x09, 0x00, 0x00, 0x00, 0x00, 0x00, 0x00,
            0x00, 0x00, 0x00, 0x00, 0x00, 0x00, 0x00, 0x00, 0x00, 0x00, 0xFF, 0xFF, 0xFF, 0x01, 0x00, 0x00,
            0x00, 0x00, 0xFF, 0xFF, 0xFF, 0x0F, 0xFF, 0xFF, 0xFF, 0xA1, 0xFF, 0xFF, 0xFF, 0x8B, 0xFF, 0xFF,
            0xFF, 0x8A, 0xFF, 0xFF, 0xFF, 0x86, 0xFF, 0xFF, 0xFF, 0xB7, 0xFF, 0xFF, 0xFF, 0xD2, 0xFF, 0xFF,
            0xFF, 0x9E, 0xFF, 0xFF, 0xFF, 0x7C, 0xFF, 0xFF, 0xFF, 0x80, 0xFF, 0xFF, 0xFF, 0x7D, 0xFF, 0xFF,
            0xFF, 0x7C, 0xFF, 0xFF, 0xFF, 0x7A, 0xFF, 0xFF, 0xFF, 0x78, 0xFF, 0xFF, 0xFF, 0x76, 0xFF, 0xFF,
            0xFF, 0x75, 0xFF, 0xFF, 0xFF, 0x73, 0xFF, 0xFF, 0xFF, 0x71, 0xFF, 0xFF, 0xFF, 0x6F, 0xFF, 0xFF,
            0xFF, 0x6D, 0xFF, 0xFF, 0xFF, 0x6C, 0xFF, 0xFF, 0xFF, 0x6A, 0xFF, 0xFF, 0xFF, 0x68, 0xFF, 0xFF,
            0xFF, 0x67, 0xFF, 0xFF, 0xFF, 0x69, 0xFF, 0xFF, 0xFF, 0x08, 0x00, 0x00, 0x00, 0x00, 0x00, 0x00,
            0x00, 0x00, 0x00, 0x00, 0x00, 0x00, 0x00, 0x00, 0x00, 0x00, 0xFF, 0xFF, 0xFF, 0x01, 0x00, 0x00,
            0x00, 0x00, 0xFF, 0xFF, 0xFF, 0x0F, 0xFF, 0xFF, 0xFF, 0xA5, 0xFF, 0xFF, 0xFF, 0x8E, 0xFF, 0xFF,
            0xFF, 0x8C, 0xFF, 0xFF, 0xFF, 0x8A, 0xFF, 0xFF, 0xFF, 0x88, 0xFF, 0xFF, 0xFF, 0x8A, 0xFF, 0xFF,
            0xFF, 0x83, 0xFF, 0xFF, 0xFF, 0x84, 0xFF, 0xFF, 0xFF, 0x82, 0xFF, 0xFF, 0xFF, 0x80, 0xFF, 0xFF,
            0xFF, 0x7E, 0xFF, 0xFF, 0xFF, 0x7C, 0xFF, 0xFF, 0xFF, 0x7B, 0xFF, 0xFF, 0xFF, 0x79, 0xFF, 0xFF,
            0xFF, 0x77, 0xFF, 0xFF, 0xFF, 0x76, 0xFF, 0xFF, 0xFF, 0x74, 0xFF, 0xFF, 0xFF, 0x72, 0xFF, 0xFF,
            0xFF, 0x70, 0xFF, 0xFF, 0xFF, 0x6E, 0xFF, 0xFF, 0xFF, 0x6D, 0xFF, 0xFF, 0xFF, 0x6B, 0xFF, 0xFF,
            0xFF, 0x6A, 0xFF, 0xFF, 0xFF, 0x6B, 0xFF, 0xFF, 0xFF, 0x08, 0x00, 0x00, 0x00, 0x00, 0x00, 0x00,
            0x00, 0x00, 0x00, 0x00, 0x00, 0x00, 0x00, 0x00, 0x00, 0x00, 0xFF, 0xFF, 0xFF, 0x01, 0x00, 0x00,
            0x00, 0x00, 0xFF, 0xFF, 0xFF, 0x10, 0xFF, 0xFF, 0xFF, 0xA4, 0xFF, 0xFF, 0xFF, 0x8A, 0xFF, 0xFF,
            0xFF, 0x89, 0xFF, 0xFF, 0xFF, 0x87, 0xFF, 0xFF, 0xFF, 0x86, 0xFF, 0xFF, 0xFF, 0x83, 0xFF, 0xFF,
            0xFF, 0x83, 0xFF, 0xFF, 0xFF, 0x80, 0xFF, 0xFF, 0xFF, 0x7F, 0xFF, 0xFF, 0xFF, 0x7D, 0xFF, 0xFF,
            0xFF, 0x7C, 0xFF, 0xFF, 0xFF, 0x7A, 0xFF, 0xFF, 0xFF, 0x78, 0xFF, 0xFF, 0xFF, 0x76, 0xFF, 0xFF,
            0xFF, 0x74, 0xFF, 0xFF, 0xFF, 0x72, 0xFF, 0xFF, 0xFF, 0x70, 0xFF, 0xFF, 0xFF, 0x6E, 0xFF, 0xFF,
            0xFF, 0x6C, 0xFF, 0xFF, 0xFF, 0x6B, 0xFF, 0xFF, 0xFF, 0x68, 0xFF, 0xFF, 0xFF, 0x66, 0xFF, 0xFF,
            0xFF, 0x66, 0xFF, 0xFF, 0xFF, 0x65, 0xFF, 0xFF, 0xFF, 0x08, 0x00, 0x00, 0x00, 0x00, 0x00, 0x00,
            0x00, 0x00, 0x00, 0x00, 0x00, 0x00, 0x00, 0x00, 0x00, 0x00, 0xFF, 0xFF, 0xFF, 0x01, 0x00, 0x00,
            0x00, 0x00, 0xFF, 0xFF, 0xFF, 0x10, 0xFF, 0xFF, 0xFF, 0xB8, 0xFF, 0xFF, 0xFF, 0xA8, 0xFF, 0xFF,
            0xFF, 0xA5, 0xFF, 0xFF, 0xFF, 0xA3, 0xFF, 0xFF, 0xFF, 0xA1, 0xFF, 0xFF, 0xFF, 0xA0, 0xFF, 0xFF,
            0xFF, 0x9D, 0xFF, 0xFF, 0xFF, 0x9B, 0xFF, 0xFF, 0xFF, 0x99, 0xFF, 0xFF, 0xFF, 0x97, 0xFF, 0xFF,
            0xFF, 0x94, 0xFF, 0xFF, 0xFF, 0x92, 0xFF, 0xFF, 0xFF, 0x91, 0xFF, 0xFF, 0xFF, 0x90, 0xFF, 0xFF,
            0xFF, 0x8F, 0xFF, 0xFF, 0xFF, 0x8E, 0xFF, 0xFF, 0xFF, 0x8D, 0xFF, 0xFF, 0xFF, 0x8C, 0xFF, 0xFF,
            0xFF, 0x8A, 0xFF, 0xFF, 0xFF, 0x89, 0xFF, 0xFF, 0xFF, 0x88, 0xFF, 0xFF, 0xFF, 0x86, 0xFF, 0xFF,
            0xFF, 0x88, 0xFF, 0xFF, 0xFF, 0x82, 0xFF, 0xFF, 0xFF, 0x09, 0x00, 0x00, 0x00, 0x00, 0x00, 0x00,
            0x00, 0x00, 0x00, 0x00, 0x00, 0x00, 0x00, 0x00, 0x00, 0x00, 0xFF, 0xFF, 0xFF, 0x01, 0x00, 0x00,
            0x00, 0x00, 0xFF, 0xFF, 0xFF, 0x10, 0xFF, 0xFF, 0xFF, 0xDA, 0xFF, 0xFF, 0xFF, 0xDF, 0xFF, 0xFF,
            0xFF, 0xD8, 0xFF, 0xFF, 0xFF, 0xD6, 0xFF, 0xFF, 0xFF, 0xD3, 0xFF, 0xFF, 0xFF, 0xD1, 0xFF, 0xFF,
            0xFF, 0xCE, 0xFF, 0xFF, 0xFF, 0xCB, 0xFF, 0xFF, 0xFF, 0xC8, 0xFF, 0xFF, 0xFF, 0xC5, 0xFF, 0xFF,
            0xFF, 0xC1, 0xFF, 0xFF, 0xFF, 0xBE, 0xFF, 0xFF, 0xFF, 0xBD, 0xFF, 0xFF, 0xFF, 0xBD, 0xFF, 0xFF,
            0xFF, 0xBE, 0xFF, 0xFF, 0xFF, 0xBE, 0xFF, 0xFF, 0xFF, 0xBE, 0xFF, 0xFF, 0xFF, 0xBF, 0xFF, 0xFF,
            0xFF, 0xBF, 0xFF, 0xFF, 0xFF, 0xBF, 0xFF, 0xFF, 0xFF, 0xBF, 0xFF, 0xFF, 0xFF, 0xBF, 0xFF, 0xFF,
            0xFF, 0xC3, 0xFF, 0xFF, 0xFF, 0xB7, 0xFF, 0xFF, 0xFF, 0x0D, 0x00, 0x00, 0x00, 0x00, 0xFF, 0xFF,
            0xFF, 0x01, 0x00, 0x00, 0x00, 0x00, 0x00, 0x00, 0x00, 0x00, 0xFF, 0xFF, 0xFF, 0x01, 0x00, 0x00,
            0x00, 0x00, 0xFF, 0xFF, 0xFF, 0x0E, 0xFF, 0xFF, 0xFF, 0xD9, 0xFF, 0xFF, 0xFF, 0xDB, 0xFF, 0xFF,
            0xFF, 0xD6, 0xFF, 0xFF, 0xFF, 0xD4, 0xFF, 0xFF, 0xFF, 0xD1, 0xFF, 0xFF, 0xFF, 0xCE, 0xFF, 0xFF,
            0xFF, 0xCC, 0xFF, 0xFF, 0xFF, 0xC9, 0xFF, 0xFF, 0xFF, 0xC6, 0xFF, 0xFF, 0xFF, 0xC3, 0xFF, 0xFF,
            0xFF, 0xC0, 0xFF, 0xFF, 0xFF, 0xBC, 0xFF, 0xFF, 0xFF, 0xB9, 0xFF, 0xFF, 0xFF, 0xB8, 0xFF, 0xFF,
            0xFF, 0xB8, 0xFF, 0xFF, 0xFF, 0xB9, 0xFF, 0xFF, 0xFF, 0xB9, 0xFF, 0xFF, 0xFF, 0xB9, 0xFF, 0xFF,
            0xFF, 0xB9, 0xFF, 0xFF, 0xFF, 0xB9, 0xFF, 0xFF, 0xFF, 0xB9, 0xFF, 0xFF, 0xFF, 0xB8, 0xFF, 0xFF,
            0xFF, 0xBD, 0xFF, 0xFF, 0xFF, 0xAC, 0xFF, 0xFF, 0xFF, 0x09, 0x00, 0x00, 0x00, 0x00, 0xFF, 0xFF,
            0xFF, 0x01, 0x00, 0x00, 0x00, 0x00, 0x00, 0x00, 0x00, 0x00, 0x00, 0x00, 0x00, 0x00, 0xFF, 0xFF,
            0xFF, 0x02, 0xFF, 0xFF, 0xFF, 0x02, 0xFF, 0xFF, 0xFF, 0xB1, 0xFF, 0xFF, 0xFF, 0xEE, 0xFF, 0xFF,
            0xFF, 0xD2, 0xFF, 0xFF, 0xFF, 0xD7, 0xFF, 0xFF, 0xFF, 0xD4, 0xFF, 0xFF, 0xFF, 0xD1, 0xFF, 0xFF,
            0xFF, 0xCE, 0xFF, 0xFF, 0xFF, 0xCC, 0xFF, 0xFF, 0xFF, 0xC9, 0xFF, 0xFF, 0xFF, 0xC6, 0xFF, 0xFF,
            0xFF, 0xC3, 0xFF, 0xFF, 0xFF, 0xC0, 0xFF, 0xFF, 0xFF, 0xBD, 0xFF, 0xFF, 0xFF, 0xB9, 0xFF, 0xFF,
            0xFF, 0xB8, 0xFF, 0xFF, 0xFF, 0xB8, 0xFF, 0xFF, 0xFF, 0xB9, 0xFF, 0xFF, 0xFF, 0xB9, 0xFF, 0xFF,
            0xFF, 0xB9, 0xFF, 0xFF, 0xFF, 0xB9, 0xFF, 0xFF, 0xFF, 0xB9, 0xFF, 0xFF, 0xFF, 0xB4, 0xFF, 0xFF,
            0xFF, 0xC8, 0xFF, 0xFF, 0xFF, 0x84, 0x00, 0x00, 0x00, 0x00, 0xFF, 0xFF, 0xFF, 0x02, 0x00, 0x00,
            0x00, 0x00, 0x00, 0x00, 0x00, 0x00, 0x00, 0x00, 0x00, 0x00, 0x00, 0x00, 0x00, 0x00, 0xFF, 0xFF,
            0xFF, 0x03, 0x00, 0x00, 0x00, 0x00, 0xFF, 0xFF, 0xFF, 0x31, 0xFF, 0xFF, 0xFF, 0xE9, 0xFF, 0xFF,
            0xFF, 0xED, 0xFF, 0xFF, 0xFF, 0xDC, 0xFF, 0xFF, 0xFF, 0xDA, 0xFF, 0xFF, 0xFF, 0xD8, 0xFF, 0xFF,
            0xFF, 0xD5, 0xFF, 0xFF, 0xFF, 0xD2, 0xFF, 0xFF, 0xFF, 0xCF, 0xFF, 0xFF, 0xFF, 0xCC, 0xFF, 0xFF,
            0xFF, 0xC9, 0xFF, 0xFF, 0xFF, 0xC6, 0xFF, 0xFF, 0xFF, 0xC3, 0xFF, 0xFF, 0xFF, 0xC0, 0xFF, 0xFF,
            0xFF, 0xBC, 0xFF, 0xFF, 0xFF, 0xBB, 0xFF, 0xFF, 0xFF, 0xBB, 0xFF, 0xFF, 0xFF, 0xBC, 0xFF, 0xFF,
            0xFF, 0xBD, 0xFF, 0xFF, 0xFF, 0xBD, 0xFF, 0xFF, 0xFF, 0xBD, 0xFF, 0xFF, 0xFF, 0xC7, 0xFF, 0xFF,
            0xFF, 0xB3, 0xFF, 0xFF, 0xFF, 0x20, 0x00, 0x00, 0x00, 0x00, 0xFF, 0xFF, 0xFF, 0x02, 0x00, 0x00,
            0x00, 0x00, 0x00, 0x00, 0x00, 0x00, 0x00, 0x00, 0x00, 0x00, 0x00, 0x00, 0x00, 0x00, 0x00, 0x00,
            0x00, 0x00, 0xFF, 0xFF, 0xFF, 0x02, 0x00, 0x00, 0x00, 0x00, 0xFF, 0xFF, 0xFF, 0x32, 0xFF, 0xFF,
            0xFF, 0xB1, 0xFF, 0xFF, 0xFF, 0xD9, 0xFF, 0xFF, 0xFF, 0xD8, 0xFF, 0xFF, 0xFF, 0xD6, 0xFF, 0xFF,
            0xFF, 0xD4, 0xFF, 0xFF, 0xFF, 0xD1, 0xFF, 0xFF, 0xFF, 0xCE, 0xFF, 0xFF, 0xFF, 0xCC, 0xFF, 0xFF,
            0xFF, 0xC9, 0xFF, 0xFF, 0xFF, 0xC6, 0xFF, 0xFF, 0xFF, 0xC3, 0xFF, 0xFF, 0xFF, 0xBF, 0xFF, 0xFF,
            0xFF, 0xBC, 0xFF, 0xFF, 0xFF, 0xB8, 0xFF, 0xFF, 0xFF, 0xB6, 0xFF, 0xFF, 0xFF, 0xB5, 0xFF, 0xFF,
            0xFF, 0xB4, 0xFF, 0xFF, 0xFF, 0xB3, 0xFF, 0xFF, 0xFF, 0xAE, 0xFF, 0xFF, 0xFF, 0x87, 0xFF, 0xFF,
            0xFF, 0x21, 0x00, 0x00, 0x00, 0x00, 0xFF, 0xFF, 0xFF, 0x01, 0x00, 0x00, 0x00, 0x00, 0x00, 0x00,
            0x00, 0x00, 0x00, 0x00, 0x00, 0x00, 0x00, 0x00, 0x00, 0x00, 0x00, 0x00, 0x00, 0x00, 0x00, 0x00,
            0x00, 0x00, 0x00, 0x00, 0x00, 0x00, 0xFF, 0xFF, 0xFF, 0x02, 0x00, 0x00, 0x00, 0x00, 0x00, 0x00,
            0x00, 0x00, 0xFF, 0xFF, 0xFF, 0x0F, 0xFF, 0xFF, 0xFF, 0x10, 0xFF, 0xFF, 0xFF, 0x10, 0xFF, 0xFF,
            0xFF, 0x10, 0xFF, 0xFF, 0xFF, 0x10, 0xFF, 0xFF, 0xFF, 0x10, 0xFF, 0xFF, 0xFF, 0x0F, 0xFF, 0xFF,
            0xFF, 0x0F, 0xFF, 0xFF, 0xFF, 0x0F, 0xFF, 0xFF, 0xFF, 0x0F, 0xFF, 0xFF, 0xFF, 0x0E, 0xFF, 0xFF,
            0xFF, 0x0E, 0xFF, 0xFF, 0xFF, 0x0E, 0xFF, 0xFF, 0xFF, 0x0D, 0xFF, 0xFF, 0xFF, 0x0D, 0xFF, 0xFF,
            0xFF, 0x0D, 0xFF, 0xFF, 0xFF, 0x0D, 0xFF, 0xFF, 0xFF, 0x0A, 0x00, 0x00, 0x00, 0x00, 0x00, 0x00,
            0x00, 0x00, 0xFF, 0xFF, 0xFF, 0x01, 0x00, 0x00, 0x00, 0x00, 0x00, 0x00, 0x00, 0x00, 0x00, 0x00,
            0x00, 0x00, 0x00, 0x00, 0x00, 0x00, 0x00, 0x00, 0x00, 0x00, 0x00, 0x00, 0x00, 0x00, 0x00, 0x00,
            0x00, 0x00, 0x00, 0x00, 0x00, 0x00, 0x00, 0x00, 0x00, 0x00, 0xFF, 0xFF, 0xFF, 0x02, 0xFF, 0xFF,
            0xFF, 0x01, 0x00, 0x00, 0x00, 0x00, 0x00, 0x00, 0x00, 0x00, 0x00, 0x00, 0x00, 0x00, 0x00, 0x00,
            0x00, 0x00, 0x00, 0x00, 0x00, 0x00, 0x00, 0x00, 0x00, 0x00, 0x00, 0x00, 0x00, 0x00, 0x00, 0x00,
            0x00, 0x00, 0x00, 0x00, 0x00, 0x00, 0x00, 0x00, 0x00, 0x00, 0x00, 0x00, 0x00, 0x00, 0x00, 0x00,
            0x00, 0x00, 0x00, 0x00, 0x00, 0x00, 0x00, 0x00, 0x00, 0x00, 0x00, 0x00, 0x00, 0x00, 0x00, 0x00,
            0x00, 0x00, 0x00, 0x00, 0x00, 0x00, 0x00, 0x00, 0x00, 0x00, 0xFF, 0xFF, 0xFF, 0x02, 0xFF, 0xFF,
            0xFF, 0x02, 0x00, 0x00, 0x00, 0x00, 0x00, 0x00, 0x00, 0x00, 0x00, 0x00, 0x00, 0x00, 0x00, 0x00,
            0x00, 0x00, 0x00, 0x00, 0x00, 0x00, 0x00, 0x00, 0x00, 0x00, 0x00, 0x00, 0x00, 0x00, 0x00, 0x00,
            0x00, 0x00, 0x00, 0x00, 0x00, 0x00, 0x00, 0x00, 0x00, 0x00, 0x00, 0x00, 0x00, 0x00, 0x00, 0x00,
            0x00, 0x00, 0xFF, 0xFF, 0xFF, 0x01, 0xFF, 0xFF, 0xFF, 0x01, 0xFF, 0xFF, 0xFF, 0x01, 0xFF, 0xFF,
            0xFF, 0x01, 0xFF, 0xFF, 0xFF, 0x01, 0xFF, 0xFF, 0xFF, 0x01, 0xFF, 0xFF, 0xFF, 0x01, 0xFF, 0xFF,
            0xFF, 0x01, 0xFF, 0xFF, 0xFF, 0x01, 0xFF, 0xFF, 0xFF, 0x01, 0xFF, 0xFF, 0xFF, 0x01, 0xFF, 0xFF,
            0xFF, 0x01, 0xFF, 0xFF, 0xFF, 0x01, 0xFF, 0xFF, 0xFF, 0x01, 0xFF, 0xFF, 0xFF, 0x01, 0xFF, 0xFF,
            0xFF, 0x01, 0xFF, 0xFF, 0xFF, 0x01, 0xFF, 0xFF, 0xFF, 0x01, 0x00, 0x00, 0x00, 0x00, 0x00, 0x00,
            0x00, 0x00, 0x00, 0x00, 0x00, 0x00, 0x00, 0x00, 0x00, 0x00, 0x00, 0x00, 0x00, 0x00, 0x00, 0x00,
            0x00, 0x00, 0x00, 0x00, 0x00, 0x00, 0x00, 0x00, 0x00, 0x00, 0x00, 0x00, 0x00, 0x00, 0x00, 0x00,
            0x00, 0x00, 0x00, 0x00, 0x00, 0x00, 0x00, 0x00, 0x00, 0x00, 0x00, 0x00, 0x00, 0x00, 0x00, 0x00,
            0x00, 0x00, 0x00, 0x00, 0x00, 0x00, 0x00, 0x00, 0x00, 0x00, 0x00, 0x00, 0x00, 0x00, 0x00, 0x00,
            0x00, 0x00, 0x00, 0x00, 0x00, 0x00, 0x00, 0x00, 0x00, 0x00, 0x00, 0x00, 0x00, 0x00, 0x00, 0x00,
            0x00, 0x00, 0x00, 0x00, 0x00, 0x00, 0x00, 0x00, 0x00, 0x00, 0x00, 0x00, 0x00, 0x00, 0x00, 0x00,
            0x00, 0x00, 0x00, 0x00, 0x00, 0x00, 0x00, 0x00, 0x00, 0x00, 0x00, 0x00, 0x00, 0x00, 0x00, 0x00,
            0x00, 0x00, 0x00, 0x00, 0x00, 0x00, 0x00, 0x00, 0x00, 0x00, 0x00, 0x00, 0x00, 0x00, 0x00, 0x00,
            0x00, 0x00, 0x00, 0x00, 0x00, 0x00, 0x00, 0x00, 0x00, 0x00, 0x00, 0x00, 0x00, 0x00, 0x00, 0x00,
            0x00, 0x00, 0x00, 0x00, 0x00, 0x00
        };

    }
}
